ID;Area Category;Nama Daerah;Surabaya Wilayah;Luas Tanah (m2);Luas Bangunan (m2);Jumlah Kamar;Jumlah Km Mandi;Tingkat/Lantai ;Harga rata2 Komunitas;Harga Dipasarkan (dari Owner);Harga Terjual;Terjual/Belum;Status Kepemilikan;Arah Hadap Rumah;Posisi Rumah;Lebar Jalan Depan Rumah (ROW);Pemilik Butuh Uang (Urgent);Umur Bangunan;Siap Huni (Y/N);Furnish  (Y/N);Listed Berapa Lama;Dekat Fasilitas Umum;;;;;;;;
;;;;;;;;;;;;;;;;;;;;;;Pasar;Sekolah;"Faskes/
Rumah Sakit";Mall;Tempat Ibadah;Makam;Club House;Transportasi Umum;Jalan Raya Utama
;Premium;Northwest Lake;Sby Barat;72;69;2;2;2;1400000000;1350000000;;Belum;Hak Guna Bangunan (HGB);Selatan;Standard;1-2 Mobil;No;1 - 4 Tahun;Yes;No;2020;Yes;Yes;Yes;No;Yes;No;Yes;No;Yes
;Standard;Bukit Palma;Sby Barat;60;90;3;2;2;1000000000;1125000000;;Belum;Pengikatan Perjanjian Jual Beli (PPJB);Selatan;Standard;1-2 Mobil;No;1 - 4 Tahun;Yes;No;2020;Yes;Yes;Yes;No;Yes;No;No;No;Yes
;Standard;Palma Classica;Sby Barat;210;100;4;2;1;2400000000;1999000000;;Belum;Hak Milik (SHM);Utara;Standard;> 2 Mobil;Yes;5 - 10 Tahun;Yes;No;2020;Yes;Yes;Yes;No;Yes;No;No;No;Yes
;Standard;Bukit Palma;Sby Barat;120;54;3;1;1;800000000;850000000;;Belum;Hak Milik (SHM);Selatan;Standard;> 2 Mobil;No;> 10 Tahun;No;No;2020;Yes;Yes;Yes;No;Yes;Yes;No;No;Yes
;Standard;Bukit Palma;Sby Barat;60;90;3;2;2;800000000;1175000000;1025000000;Terjual;Hak Guna Bangunan (HGB);Selatan;Standard;> 2 Mobil;No;1 - 4 Tahun;Yes;No;2020;Yes;Yes;Yes;No;Yes;Yes;No;No;Yes
;Standard;Bukit Palma;Sby Barat;233;177;5;3;2;2000000000;3700000000;;Belum;Hak Guna Bangunan (HGB);Selatan;Tikungan/Hook;1-2 Mobil;No;5 - 10 Tahun;Yes;No;2020;Yes;Yes;Yes;No;Yes;Yes;No;No;Yes
;Standard;bukit Palma;Sby Barat;84;120;3;2;2;1000000000;1300000000;1200000000;Terjual;Pengikatan Perjanjian Jual Beli (PPJB);Timur;Standard;> 2 Mobil;Yes;1 - 4 Tahun;Yes;No;2020;Yes;Yes;Yes;No;Yes;Yes;No;No;Yes
;Standard;bukit Palma;Sby Barat;120;100;2;1;1;1150000000;1300000000;;Belum;Hak Guna Bangunan (HGB);Timur;Standard;> 2 Mobil;No;5 - 10 Tahun;Yes;No;2020;Yes;Yes;Yes;No;Yes;Yes;No;No;Yes
;Standard;bukit Palma;Sby Barat;120;70;3;1;1;1150000000;1350000000;;Belum;Hak Milik (SHM);Timur;Standard;1-2 Mobil;No;5 - 10 Tahun;Yes;Yes;2020;Yes;Yes;Yes;No;Yes;Yes;No;No;Yes
;Standard;bukit Palma;Sby Barat;122,5;94;3;2;1;1200000000;1250000000;;Belum;Hak Milik (SHM);Utara;Standard;1-2 Mobil;No;5 - 10 Tahun;No;No;2020;Yes;Yes;Yes;No;Yes;Yes;No;No;Yes
;Premium;citraland;Sby Barat;180;220;4;3;2;3500000000;3600000000;;Belum;Hak Guna Bangunan (HGB);Utara;Standard;> 2 Mobil;Yes;5 - 10 Tahun;Yes;Yes;2021;Yes;Yes;No;No;No;No;No;No;Yes
;Premium;citraland;Sby Barat;210;170;3;2;1;2500000000;2300000000;1900000000;Terjual;Pengikatan Perjanjian Jual Beli (PPJB);Utara;Standard;> 2 Mobil;Yes;> 10 Tahun;No;No;2020;No;Yes;No;No;Yes;No;No;No;Yes
;Standard;greenlake;Sby Barat;136;138;4;4;2;2000000000;2600000000;;Belum;Hak Guna Bangunan (HGB);Selatan;Standard;> 2 Mobil;No;5 - 10 Tahun;Yes;Yes;2020;No;No;No;No;No;No;No;No;No
;Standard;greenlake;Sby Barat;200;258;4;3;2;2500000000;3750000000;;Belum;Hak Milik (SHM);Utara;Standard;> 2 Mobil;No;5 - 10 Tahun;No;Yes;2020;No;No;No;No;No;No;No;No;No
;Premium;wisata bukit mas;Sby Barat;120;124;4;4;2;2000000000;2500000000;;Belum;Hak Guna Bangunan (HGB);Utara;Standard;> 2 Mobil;No;5 - 10 Tahun;Yes;No;2021;No;Yes;No;No;No;No;Yes;No;Yes
;Standard;Pondok Benowo;Sby Barat;135;240;4;4;2;1500000000;2100000000;;Belum;Hak Milik (SHM);Utara;Standard;1-2 Mobil;No;5 - 10 Tahun;Yes;Yes;2021;Yes;Yes;Yes;No;Yes;No;No;Yes;Yes
;Premium;Darmo;Sby Selatan;372;400;5;4;2;10000000000;15500000000;;Belum;Hak Milik (SHM);Utara;Tikungan/Hook;> 2 Mobil;No;5 - 10 Tahun;Yes;No;2021;Yes;No;No;No;No;No;No;Yes;Yes
;Premium;Sutorejo;Sby Timur;166;210;5;4;2;3000000000;3400000000;;Belum;Hak Milik (SHM);Utara;Standard;> 2 Mobil;No;1 - 4 Tahun;Yes;No;2021;Yes;Yes;No;No;No;No;No;No;Yes
;Premium;Northwest Lake;Sby Barat;90;85;3;3;2;1850000000;1800000000;;Belum;Hak Guna Bangunan (HGB);Timur;Standard;> 2 Mobil;No;1 - 4 Tahun;Yes;No;2020;Yes;Yes;Yes;No;Yes;Yes;Yes;No;Yes
;Premium;Northwest Lake;Sby Barat;50;45;1;2;2;900000000;950000000;;Belum;Hak Guna Bangunan (HGB);Utara;Standard;> 2 Mobil;No;1 - 4 Tahun;Yes;No;2020;Yes;Yes;Yes;No;Yes;Yes;Yes;No;Yes
;Premium;Northwest Lake;Sby Barat;50;45;1;2;2;900000000;983300000;869930000;Terjual;Hak Guna Bangunan (HGB);Utara;Standard;> 2 Mobil;No;1 - 4 Tahun;Yes;Yes;2020;Yes;Yes;Yes;No;Yes;Yes;Yes;No;Yes
;Premium;Northwest Lake;Sby Barat;105;96;3;3;2;1600000000;1900000000;;Belum;Pengikatan Perjanjian Jual Beli (PPJB);Utara;Standard;> 2 Mobil;No;1 - 4 Tahun;Yes;No;2020;Yes;Yes;Yes;No;Yes;Yes;Yes;No;Yes
;Premium;Northwest Lake;Sby Barat;55;45;1;2;2;1000000000;1022700000;905430000;Terjual;Hak Guna Bangunan (HGB);Utara;Standard;> 2 Mobil;No;1 - 4 Tahun;Yes;Yes;2020;Yes;Yes;Yes;No;Yes;Yes;Yes;No;Yes
;Premium;Northwest Lake;Sby Barat;55;45;1;2;2;1000000000;900000000;;Belum;Pengikatan Perjanjian Jual Beli (PPJB);Timur;Standard;> 2 Mobil;No;1 - 4 Tahun;Yes;No;2020;Yes;Yes;Yes;No;Yes;Yes;Yes;No;Yes
;Premium;Northwest Lake;Sby Barat;50;53;2;2;2;1000000000;1020500000;903450000;Terjual;Hak Guna Bangunan (HGB);Selatan;Standard;> 2 Mobil;No;1 - 4 Tahun;Yes;Yes;2020;Yes;Yes;Yes;No;Yes;Yes;Yes;No;Yes
;Premium;northwest Lake;Sby Barat;72;69;2;2;2;1200000000;1400000000;;Belum;Pengikatan Perjanjian Jual Beli (PPJB);Selatan;Standard;> 2 Mobil;No;1 - 4 Tahun;Yes;No;2020;Yes;Yes;Yes;No;Yes;Yes;Yes;No;Yes
;Standard;northwest park;Sby Barat;72;46;2;1;1;1000000000;1085200000;961680000;Terjual;Hak Guna Bangunan (HGB);Timur;Standard;> 2 Mobil;No;1 - 4 Tahun;Yes;Yes;2020;Yes;Yes;Yes;No;No;Yes;Yes;No;Yes
;Standard;northwest park;Sby Barat;72;46;2;1;1;1000000000;900000000;;Belum;Hak Guna Bangunan (HGB);Utara;Standard;> 2 Mobil;No;1 - 4 Tahun;Yes;No;2020;Yes;Yes;Yes;No;No;Yes;Yes;No;Yes
;Standard;northwest park;Sby Barat;72;46;2;1;1;1000000000;1025200000;907680000;Terjual;Hak Guna Bangunan (HGB);Utara;Standard;> 2 Mobil;No;1 - 4 Tahun;Yes;Yes;2020;Yes;Yes;Yes;No;No;Yes;Yes;No;Yes
;Standard;northwest park;Sby Barat;72;46;2;1;1;1000000000;1000000000;;Belum;Hak Guna Bangunan (HGB);Selatan;Standard;> 2 Mobil;No;1 - 4 Tahun;Yes;No;2020;Yes;Yes;Yes;No;No;Yes;Yes;No;Yes
;Standard;northwest park;Sby Barat;90;70;2;2;2;1400000000;1600000000;;Belum;Hak Guna Bangunan (HGB);Selatan;Standard;> 2 Mobil;No;1 - 4 Tahun;Yes;No;2020;Yes;Yes;Yes;No;No;Yes;No;No;Yes
;Standard;northwest park;Sby Barat;72;46;2;1;1;800000000;825000000;;Belum;Hak Guna Bangunan (HGB);Selatan;Standard;> 2 Mobil;No;1 - 4 Tahun;Yes;No;2020;Yes;Yes;Yes;No;No;Yes;No;No;Yes
;Premium;royal park;Sby Barat;210;280;4;4;2;3250000000;4000000000;3150000000;Terjual;Hak Guna Bangunan (HGB);Timur;Standard;> 2 Mobil;Yes;1 - 4 Tahun;Yes;No;2020;No;Yes;Yes;No;No;No;No;No;Yes
;Premium;royal park;Sby Barat;210;84;4;2;2;3000000000;3500000000;;Belum;Pengikatan Perjanjian Jual Beli (PPJB);Selatan;Standard;> 2 Mobil;No;5 - 10 Tahun;Yes;No;2020;No;Yes;Yes;No;No;No;No;No;Yes
;Sangat Premium;selat golf;Sby Barat;450;650;6;5;2;12000000000;13900000000;;Belum;Hak Milik (SHM);Utara;Cul De Sac/Ujung Gang Buntu;> 2 Mobil;No;1 - 4 Tahun;Yes;No;2021;No;Yes;No;No;No;No;Yes;No;Yes
;Standard;taman puspa raya;Sby Barat;90;135;4;4;2;1800000000;2000000000;;Belum;Hak Guna Bangunan (HGB);Selatan;Standard;> 2 Mobil;No;5 - 10 Tahun;Yes;No;2020;Yes;Yes;No;No;No;No;No;No;Yes
;Standard;darmo permai;Sby Barat;200;350;5;2;2;3500000000;4400000000;;Belum;Hak Milik (SHM);Timur;Standard;> 2 Mobil;No;5 - 10 Tahun;Yes;No;2021;Yes;No;No;No;Yes;No;No;Yes;Yes
;Standard;darmo permai;Sby Barat;200;135;4;2;1;3000000000;3200000000;;Belum;Hak Milik (SHM);Timur;Standard;> 2 Mobil;No;> 10 Tahun;No;No;2021;Yes;No;No;No;Yes;No;No;Yes;Yes
;Premium;graha;Sby Barat;766;540;6;5;2;14000000000;16000000000;;Belum;Hak Guna Bangunan (HGB);Utara;Tikungan/Hook;> 2 Mobil;No;> 10 Tahun;Yes;No;2020;No;No;Yes;Yes;No;No;Yes;No;Yes
;Standard;grand sunrise;Gresik;90;48;2;1;1;900000000;800000000;;Belum;Hak Milik (SHM);Selatan;Standard;> 2 Mobil;No;5 - 10 Tahun;Yes;No;2021;No;No;No;No;No;No;No;No;Yes
;Premium;kupang indah;Sby Barat;300;250;5;3;1;3300000000;3500000000;3000000000;Terjual;Hak Milik (SHM);Utara;Standard;> 2 Mobil;Yes;> 10 Tahun;Yes;No;2020;Yes;Yes;Yes;No;Yes;No;No;Yes;Yes
;Standard;bayleaf;Sby Selatan;60;40;2;1;1;400000000;500000000;;Belum;Pengikatan Perjanjian Jual Beli (PPJB);Selatan;Standard;1-2 Mobil;No;1 - 4 Tahun;Yes;No;2021;Yes;No;Yes;No;Yes;Yes;No;Yes;Yes
;Standard;padmosusastro;Sby Selatan;150;122;3;2;1;2800000000;3500000000;;Belum;Hak Milik (SHM);Barat;Standard;> 2 Mobil;No;> 10 Tahun;No;No;2020;Yes;Yes;Yes;Yes;No;No;No;Yes;Yes
;Premium;pakuwon indah;Sby Barat;265;236;5;4;2;6000000000;6500000000;;Belum;Hak Guna Bangunan (HGB);Utara;Standard;> 2 Mobil;No;5 - 10 Tahun;Yes;Yes;2021;No;Yes;No;Yes;No;No;Yes;No;Yes
;Standard;pandugo;Sby Timur;113;100;3;2;2;1250000000;1500000000;1250000000;Terjual;Hak Milik (SHM);Timur;Standard;> 2 Mobil;No;1 - 4 Tahun;Yes;No;2021;No;No;No;No;Yes;No;No;Yes;Yes
;Standard;ploso;Sby Timur;72;140;3;3;2;1000000000;1300000000;;Belum;Hak Milik (SHM);Utara;Standard;1-2 Mobil;No;1 - 4 Tahun;Yes;No;2020;No;Yes;No;No;Yes;No;No;Yes;Yes
;Standard;prapen;Sby Timur;165;330;4;3;2;2500000000;2750000000;;Belum;Hak Milik (SHM);Selatan;Standard;> 2 Mobil;No;1 - 4 Tahun;Yes;No;2021;No;No;Yes;No;Yes;No;No;No;Yes
;Standard;puri surya jaya;Sidoarjo;217;100;5;2;2;1300000000;1400000000;;Belum;Hak Milik (SHM);Selatan;Standard;> 2 Mobil;No;5 - 10 Tahun;Yes;No;2021;No;Yes;No;No;Yes;No;Yes;No;No
;Standard;puri surya jaya;Sidoarjo;105;70;2;1;1;700000000;899000000;;Belum;Hak Milik (SHM);Barat;Standard;> 2 Mobil;No;5 - 10 Tahun;Yes;No;2020;No;Yes;No;No;Yes;No;Yes;No;No
;Standard;Tenggilis;Sby Timur;91;150;5;4;2;1500000000;1650000000;;Belum;Hak Milik (SHM);Selatan;Tikungan/Hook;> 2 Mobil;No;1 - 4 Tahun;Yes;No;2020;Yes;Yes;Yes;Yes;No;No;No;No;Yes
;Standard;Tenggilis;Sby Timur;80;125;4;4;2;1300000000;1550000000;;Belum;Hak Milik (SHM);Barat;Standard;> 2 Mobil;No;1 - 4 Tahun;Yes;No;2020;Yes;Yes;Yes;Yes;No;No;No;No;Yes
;Standard;royal residence;Sby Barat;445;500;6;5;2;6500000000;8000000000;;Belum;Hak Milik (SHM);Selatan;Tikungan/Hook;> 2 Mobil;No;5 - 10 Tahun;Yes;No;2020;No;Yes;No;No;Yes;No;No;No;Yes
;Standard;taman pondok indah;Sby Selatan;140;200;4;3;2;2500000000;2700000000;;Belum;Hak Milik (SHM);Utara;Standard;> 2 Mobil;No;1 - 4 Tahun;Yes;No;2020;Yes;Yes;No;No;Yes;No;No;No;Yes
;Standard;Palma Classica;Sby Barat;105;60;2;1;1;1200000000;1200000000;;Belum;Hak Guna Bangunan (HGB);Timur;Standard;> 2 Mobil;No;5 - 10 Tahun;Yes;No;2021;Yes;Yes;Yes;No;Yes;No;No;No;Yes
;Standard;Northwest Park;Sby Barat;72;54;2;1;1;1000000000;1100000000;;Belum;Hak Guna Bangunan (HGB);Utara;Standard;> 2 Mobil;No;5 - 10 Tahun;Yes;No;2021;Yes;Yes;Yes;No;No;No;No;No;Yes
;Standard;Northwest Park;Sby Barat;105;90;3;2;2;1300000000;1600000000;;Belum;Hak Guna Bangunan (HGB);Selatan;Standard;> 2 Mobil;No;1 - 4 Tahun;Yes;No;2021;Yes;Yes;Yes;No;No;No;No;No;Yes
;Standard;Pelican Hill;Sby Barat;200;198;5;4;2;3000000000;3100000000;;Belum;Hak Guna Bangunan (HGB);Selatan;Standard;> 2 Mobil;No;1 - 4 Tahun;Yes;No;2021;Yes;Yes;Yes;No;No;No;No;No;Yes
;Premium;Puri Widya;Sby Barat;150;170;4;4;2;2500000000;2300000000;2000000000;Terjual;Hak Milik (SHM);Utara;Standard;> 2 Mobil;Yes;5 - 10 Tahun;Yes;No;2021;No;Yes;Yes;No;No;No;No;No;No
;Standard;De Casa;Sby Barat;100;100;4;3;2;1000000000;1500000000;;Belum;Hak Guna Bangunan (HGB);Selatan;Standard;> 2 Mobil;No;1 - 4 Tahun;Yes;Yes;2021;Yes;No;No;No;Yes;No;No;Yes;Yes
;Premium;Grand Pakuwon;Sby Barat;72;84;3;2;2;1500000000;1800000000;1400000000;Terjual;Hak Milik (SHM);Selatan;Standard;> 2 Mobil;Yes;1 - 4 Tahun;Yes;Yes;2021;No;Yes;No;No;No;No;No;No;No
;Standard;Grand Harvest;Sby Selatan;60;77;2;2;2;1100000000;1200000000;;Belum;Hak Guna Bangunan (HGB);Selatan;Standard;> 2 Mobil;No;1 - 4 Tahun;Yes;No;2021;No;No;No;No;No;No;No;No;No
;Standard;Grand Harvest;Sby Selatan;69;77;2;2;2;1100000000;1200000000;;Belum;Hak Guna Bangunan (HGB);Selatan;Standard;> 2 Mobil;No;1 - 4 Tahun;Yes;No;2021;No;No;No;No;No;No;No;No;No
;Standard;Grand Harvest;Sby Selatan;102;93;4;3;2;1500000000;1450000000;1250000000;Terjual;Hak Guna Bangunan (HGB);Utara;Standard;> 2 Mobil;Yes;1 - 4 Tahun;Yes;No;2021;No;No;No;No;No;No;No;No;No
;Standard;Puri Safira;Gresik;105;80;3;1;1;700000000;775000000;700000000;Terjual;Hak Guna Bangunan (HGB);Selatan;Standard;> 2 Mobil;No;5 - 10 Tahun;Yes;No;2021;No;Yes;No;No;Yes;No;No;Yes;Yes
;Standard;Lidah Kulon;Sby Barat;148,5;148,5;3;3;2;1500000000;1750000000;1500000000;Terjual;Hak Milik (SHM);Utara;Standard;> 2 Mobil;No;5 - 10 Tahun;Yes;No;2021;No;Yes;No;No;Yes;No;No;Yes;Yes
;Standard;Simpang;Sby Pusat;187;240;4;4;2;2750000000;3100000000;;Belum;Hak Milik (SHM);Timur;Tikungan/Hook;> 2 Mobil;No;5 - 10 Tahun;Yes;Yes;2021;Yes;Yes;Yes;Yes;No;No;No;Yes;Yes
;Standard;TWR;Gresik;105;90;3;2;2;1000000000;1200000000;;Belum;Hak Milik (SHM);Utara;Standard;1-2 Mobil;No;1 - 4 Tahun;Yes;No;2021;No;No;No;No;Yes;No;No;No;No
;Premium;VBM;Sby Selatan;264;350;7;4;2;4000000000;4300000000;;Belum;Hak Guna Bangunan (HGB);Selatan;Standard;> 2 Mobil;No;5 - 10 Tahun;Yes;Yes;2021;No;No;No;Yes;No;No;No;Yes;Yes
;Premium;Prambanan;Sby Barat;128;125;4;4;2;3750000000;4950000000;;Belum;Hak Guna Bangunan (HGB);Utara;Standard;> 2 Mobil;No;1 - 4 Tahun;Yes;Yes;2021;No;Yes;No;No;No;No;No;No;Yes
;Standard;TPI;Sby Selatan;119;149;3;1;1;1750000000;1700000000;1600000000;Terjual;Hak Milik (SHM);Utara;Standard;> 2 Mobil;Yes;1 - 4 Tahun;Yes;No;2021;Yes;No;No;No;Yes;No;No;No;Yes
;Premium;WBM;Sby Barat;240;330;5;4;2;3500000000;3700000000;;Belum;Hak Milik (SHM);Utara;Standard;> 2 Mobil;No;1 - 4 Tahun;Yes;No;2021;No;Yes;No;Yes;Yes;No;No;No;Yes
;Standard;Babatan;Sby Barat;175;115;4;4;2;1800000000;1750000000;1500000000;Terjual;Hak Milik (SHM);Selatan;Standard;1-2 Mobil;Yes;1 - 4 Tahun;Yes;No;2021;Yes;Yes;No;No;Yes;No;No;No;Yes
;Standard;Babatan;Sby Barat;162;120;4;3;1;2000000000;2000000000;;Belum;Hak Guna Bangunan (HGB);Selatan;Standard;> 2 Mobil;No;5 - 10 Tahun;Yes;No;2021;No;Yes;No;No;No;No;No;No;Yes
;Standard;Palma Classica;Sby Barat;200;280;5;5;2;3000000000;3250000000;;Terjual;Pengikatan Perjanjian Jual Beli (PPJB);Selatan;Standard;> 2 Mobil;No;5 - 10 Tahun;Yes;Yes;2021;Yes;Yes;Yes;No;Yes;Yes;No;No;Yes
;Standard;Greenlake;Sby Barat;105;140;4;3;2;1500000000;1950000000;;Belum;Hak Guna Bangunan (HGB);Utara;Standard;> 2 Mobil;No;5 - 10 Tahun;Yes;Yes;2021;No;No;No;No;No;No;No;No;No
;Premium;northwest lake;Sby Barat;72;60;1;2;2;1200000000;1275000000;;Belum;Hak Guna Bangunan (HGB);Selatan;Standard;> 2 Mobil;No;1 - 4 Tahun;Yes;Yes;2021;Yes;Yes;Yes;No;No;Yes;Yes;No;Yes
;Standard;northwest park;Sby Barat;120;100;3;2;2;1800000000;2000000000;;Belum;Hak Milik (SHM);Utara;Standard;> 2 Mobil;No;1 - 4 Tahun;Yes;Yes;2021;Yes;Yes;Yes;No;No;No;No;No;Yes
;Standard;Pelican Hill;Sby Barat;135;145;4;2;2;2300000000;2450000000;;Belum;Hak Milik (SHM);Utara;Standard;> 2 Mobil;No;1 - 4 Tahun;Yes;No;2021;No;Yes;Yes;No;Yes;No;No;No;Yes
;Standard;Pelican Hill;Sby Barat;135;140;4;3;2;2300000000;2300000000;2100000000;Terjual;Hak Guna Bangunan (HGB);Selatan;Standard;> 2 Mobil;Yes;1 - 4 Tahun;Yes;Yes;2021;No;No;Yes;No;No;No;No;No;Yes
;Premium;Puri Widya;Sby Barat;450;650;7;6;2;8000000000;8500000000;;Belum;Hak Guna Bangunan (HGB);Selatan;Cul De Sac/Ujung Gang Buntu;> 2 Mobil;No;5 - 10 Tahun;Yes;Yes;2021;No;Yes;No;No;Yes;No;No;No;Yes
;Standard;Darmo;Sby Selatan;240;180;3;2;1;4000000000;4200000000;;Belum;Hak Milik (SHM);Timur;Standard;> 2 Mobil;No;5 - 10 Tahun;Yes;No;2021;Yes;Yes;No;No;No;No;No;Yes;Yes
;Standard;Darmo;Sby Selatan;200;280;5;4;2;3000000000;3500000000;;Belum;Hak Milik (SHM);Timur;Standard;> 2 Mobil;No;5 - 10 Tahun;Yes;No;2021;Yes;No;No;No;No;No;No;Yes;Yes
;Standard;Dukuh Kupang;Sby Barat;140;280;5;3;2;1200000000;1400000000;;Belum;Surat Hijau;Barat;Standard;1-2 Mobil;No;5 - 10 Tahun;Yes;No;2021;Yes;Yes;No;No;No;No;No;Yes;Yes
;Sangat Premium;Graha ;Sby Barat;345;550;6;5;2;15000000000;16000000000;;Belum;Hak Milik (SHM);Utara;Standard;> 2 Mobil;No;1 - 4 Tahun;Yes;Yes;2021;No;No;Yes;No;No;No;No;No;Yes
;Sangat Premium;Graha;Sby Barat;328;375;5;5;2;10000000000;10000000000;;Belum;Hak Milik (SHM);Utara;Standard;> 2 Mobil;No;5 - 10 Tahun;Yes;No;2021;No;No;Yes;No;No;No;No;No;Yes
;Premium;kupang indah;Sby Barat;360;360;6;5;2;6000000000;6500000000;;Belum;Hak Milik (SHM);Barat;Standard;> 2 Mobil;No;> 10 Tahun;Yes;Yes;2021;No;Yes;No;No;No;No;No;No;Yes
;Standard;pakal;Sby Barat;88;70;2;1;1;500000000;750000000;;Belum;Hak Guna Bangunan (HGB);Barat;Standard;1-2 Mobil;No;1 - 4 Tahun;Yes;Yes;2021;No;No;No;No;Yes;No;No;No;Yes
;Premium;pakuwon city;Sby Timur;170;161;4;4;2;3500000000;4000000000;;Belum;Hak Milik (SHM);Utara;Standard;> 2 Mobil;No;1 - 4 Tahun;Yes;Yes;2021;No;Yes;No;No;No;No;No;No;Yes
;Premium;pakuwon indah;Sby Barat;162;150;4;4;2;4000000000;4000000000;;Belum;Hak Guna Bangunan (HGB);Timur;Standard;> 2 Mobil;No;5 - 10 Tahun;Yes;Yes;2021;No;No;No;Yes;No;No;No;No;Yes
;Premium;pakuwon indah;Sby Barat;200;215;4;5;3;4500000000;5750000000;;Belum;Pengikatan Perjanjian Jual Beli (PPJB);Utara;Standard;> 2 Mobil;No;5 - 10 Tahun;Yes;No;2021;No;No;No;Yes;No;No;No;No;Yes
;Standard;villa valensia;Sby Barat;160;160;4;3;1;3000000000;2800000000;;Belum;Hak Milik (SHM);Barat;Standard;> 2 Mobil;No;5 - 10 Tahun;Yes;No;2021;No;No;No;Yes;Yes;No;No;Yes;Yes
;Standard;wisma lidah;Sby Barat;120;200;4;4;2;1500000000;2000000000;;Belum;Hak Milik (SHM);Timur;Standard;1-2 Mobil;No;5 - 10 Tahun;Yes;Yes;2021;Yes;No;No;No;Yes;No;No;No;Yes
;Premium;dian istana;Sby Selatan;164;140;4;4;2;4000000000;3500000000;;Belum;Hak Milik (SHM);Utara;Standard;> 2 Mobil;No;5 - 10 Tahun;Yes;Yes;2021;No;No;No;No;No;No;Yes;No;No
;Standard;forest;Sby Barat;136;160;5;3;2;2800000000;2900000000;;Belum;Hak Milik (SHM);Selatan;Standard;> 2 Mobil;No;1 - 4 Tahun;Yes;Yes;2021;No;No;No;No;No;No;No;No;Yes
;Standard;Graha Sampurna;Sby Selatan;135;200;5;4;2;2500000000;3000000000;;Belum;Hak Milik (SHM);Selatan;Standard;> 2 Mobil;No;5 - 10 Tahun;Yes;Yes;2021;No;No;Yes;No;No;No;No;No;Yes
;Standard;pinus asri;Sby Barat;150;140;4;2;1;1000000000;1450000000;;Belum;Hak Milik (SHM);Selatan;Standard;1-2 Mobil;No;5 - 10 Tahun;Yes;No;2021;Yes;No;No;No;Yes;No;No;No;No
;Standard;pondok maritim;Sby Selatan;135;120;3;2;1,5;1250000000;1500000000;;Belum;Hak Milik (SHM);Utara;Standard;< 1 Mobil;No;5 - 10 Tahun;Yes;Yes;2021;Yes;Yes;No;No;Yes;No;No;No;No
;Standard;Alam Galaxy;Sby Barat;72;48;1;2;2;1300000000;1400000000;;Belum;Hak Guna Bangunan (HGB);Utara;Standard;> 2 Mobil;No;5 - 10 Tahun;Yes;Yes;2021;No;Yes;No;No;No;No;No;No;Yes
;Standard;Royal;Sby Barat;50;65;2;1;2;1400000000;1300000000;;Belum;Hak Guna Bangunan (HGB);Utara;Standard;> 2 Mobil;No;1 - 4 Tahun;Yes;No;2021;No;Yes;No;No;Yes;No;Yes;No;Yes
;Premium;wisata bukit mas;Sby Barat;160;320;7;4;2;4300000000;3800000000;;Belum;Pengikatan Perjanjian Jual Beli (PPJB);Selatan;Standard;> 2 Mobil;No;5 - 10 Tahun;Yes;No;2021;No;Yes;No;No;No;No;No;No;Yes
;Premium;wisata bukit mas;Sby Barat;180;240;5;3;2;4000000000;4000000000;;Belum;Hak Guna Bangunan (HGB);Timur;Standard;> 2 Mobil;No;5 - 10 Tahun;Yes;No;2021;No;Yes;No;No;No;No;No;No;Yes
;Premium;wisata bukit mas;Sby Barat;66;198;4;4;3;1900000000;1600000000;;Belum;Pengikatan Perjanjian Jual Beli (PPJB);Utara;Standard;1-2 Mobil;No;1 - 4 Tahun;Yes;No;2021;No;Yes;No;No;No;No;No;No;Yes
;Premium;wisata bukit mas;Sby Barat;66;198;5;5;3;1900000000;1600000000;;Belum;Pengikatan Perjanjian Jual Beli (PPJB);Utara;Standard;1-2 Mobil;No;1 - 4 Tahun;Yes;No;2021;No;Yes;No;No;No;No;No;No;Yes
;Premium;wisata bukit mas;Sby Barat;66;198;6;6;3;1900000000;1600000000;;Belum;Pengikatan Perjanjian Jual Beli (PPJB);Utara;Standard;1-2 Mobil;No;1 - 4 Tahun;Yes;No;2021;No;Yes;No;No;No;No;No;No;Yes
;Premium;wisata bukit mas;Sby Barat;218;280;4;3;2;3600000000;3500000000;;Belum;Hak Milik (SHM);Utara;Standard;> 2 Mobil;No;5 - 10 Tahun;Yes;Yes;2021;No;Yes;No;No;No;No;No;No;Yes
;Premium;graha natura;Sby Barat;96;74;4;3;2;2200000000;2200000000;;Belum;Hak Guna Bangunan (HGB);Timur;Standard;> 2 Mobil;No;1 - 4 Tahun;Yes;No;2021;No;Yes;No;No;No;No;No;No;Yes
;Premium;grand pakuwon;Sby Barat;72;70;2;2;2;1300000000;1325000000;;Belum;Hak Milik (SHM);Selatan;Standard;> 2 Mobil;No;1 - 4 Tahun;Yes;No;2021;No;Yes;No;Yes;No;No;No;No;Yes
;Premium;grand pakuwon;Sby Barat;48;57;2;2;2;1250000000;1250000000;;Belum;Pengikatan Perjanjian Jual Beli (PPJB);Barat;Standard;> 2 Mobil;No;1 - 4 Tahun;Yes;No;2021;No;Yes;No;Yes;No;No;No;No;Yes
;Premium;kupang indah;Sby Barat;345;540;6;5;2;5800000000;5800000000;;Belum;Hak Milik (SHM);Barat;Standard;> 2 Mobil;No;5 - 10 Tahun;Yes;No;2021;No;Yes;Yes;No;No;No;No;No;Yes
;Premium;kupang indah;Sby Barat;315;315;3;2;1;4000000000;3600000000;;Belum;Hak Milik (SHM);Selatan;Standard;> 2 Mobil;No;> 10 Tahun;No;No;2021;No;Yes;Yes;No;No;No;No;No;Yes
;Standard;manyar;Sby Timur;240;330;5;4;2;5100000000;5300000000;;Belum;Hak Milik (SHM);Utara;Standard;> 2 Mobil;No;1 - 4 Tahun;Yes;No;2021;No;Yes;No;No;No;No;No;No;Yes
;Premium;pakuwon;Sby Barat;144;170;4;4;2;4000000000;4300000000;;Belum;Hak Milik (SHM);Selatan;Standard;> 2 Mobil;No;1 - 4 Tahun;Yes;Yes;2021;No;Yes;No;Yes;No;No;Yes;No;Yes
;Sangat Premium;pakuwon;Sby Barat;360;500;6;6;2;8000000000;10000000000;;Belum;Hak Guna Bangunan (HGB);Selatan;Standard;> 2 Mobil;No;5 - 10 Tahun;Yes;Yes;2021;No;Yes;No;Yes;No;No;No;No;No
;Sangat Premium;bukit golf;Sby Barat;1554;1500;7;6;2;38500000000;38500000000;;Belum;Hak Milik (SHM);Timur;Standard;> 2 Mobil;No;5 - 10 Tahun;Yes;Yes;2021;No;Yes;No;No;Yes;No;No;No;Yes
;Standard;bukit palma;Sby Barat;105;170;5;2;2;1395000000;1900000000;;Belum;Hak Milik (SHM);Utara;Standard;1-2 Mobil;No;1 - 4 Tahun;Yes;No;2021;Yes;Yes;Yes;No;Yes;No;No;No;Yes
;Standard;bukit palma;Sby Barat;158;180;5;4;2;2400000000;2000000000;;Belum;Pengikatan Perjanjian Jual Beli (PPJB);Selatan;Standard;1-2 Mobil;No;1 - 4 Tahun;Yes;No;2021;Yes;Yes;Yes;No;Yes;No;No;No;Yes
;Standard;bukit palma;Sby Barat;115;104;4;3;2;1850000000;1850000000;;Belum;Hak Guna Bangunan (HGB);Selatan;Standard;1-2 Mobil;No;5 - 10 Tahun;Yes;No;2021;Yes;Yes;Yes;No;Yes;Yes;No;No;Yes
;Standard;greenhill;Sby Barat;97,7;50;2;1;1;1250000000;1250000000;;Belum;Pengikatan Perjanjian Jual Beli (PPJB);Barat;Standard;> 2 Mobil;No;1 - 4 Tahun;Yes;No;2021;No;Yes;Yes;No;No;Yes;Yes;No;Yes
;Standard;greenhill;Sby Barat;105;69;3;2;2;1836000000;1850000000;;Belum;Hak Milik (SHM);Selatan;Standard;> 2 Mobil;No;1 - 4 Tahun;Yes;No;2021;No;Yes;Yes;No;No;Yes;Yes;No;Yes
;Premium;northwest central;Sby Barat;105;104;3;2;2;1900000000;1900000000;;Belum;Pengikatan Perjanjian Jual Beli (PPJB);Selatan;Standard;> 2 Mobil;No;1 - 4 Tahun;Yes;No;2021;No;No;No;No;No;No;Yes;No;No
;Premium;northwest hill;Sby Barat;60;48;1;2;2;1250000000;1200000000;;Belum;Hak Guna Bangunan (HGB);Utara;Standard;> 2 Mobil;No;1 - 4 Tahun;Yes;No;2021;No;No;No;No;No;No;Yes;No;No
;Premium;woodland;Sby Barat;180;130;4;3;1;2400000000;2600000000;;Belum;Hak Milik (SHM);Selatan;Standard;> 2 Mobil;No;1 - 4 Tahun;Yes;Yes;2021;Yes;No;No;No;No;No;No;No;Yes
;Standard;darmo permai;Sby Barat;286;262;5;2;1;4100000000;4100000000;;Belum;Hak Milik (SHM);Utara;Standard;> 2 Mobil;No;5 - 10 Tahun;Yes;No;2021;Yes;No;No;No;No;No;No;Yes;Yes
;Standard;lebak jaya ;Sby Timur;84;120;4;3;2;1300000000;1300000000;;Belum;Hak Milik (SHM);Timur;Standard;1-2 Mobil;Yes;1 - 4 Tahun;Yes;No;1 bulan;No;;;;;;;No;No
;Standard;raya tambaksari;Sby Timur;83;140;6;1;2;2000000000;1700000000;;Belum;Hak Milik (SHM);Barat;Kantong Belakang/Ngantong;1-2 Mobil;Yes;> 10 Tahun;No;No;6 bln;;;;;;;;;Yes
;Premium;raya simpang darmo permai selatan;Sby Barat;225;270;6;3;1,5;3950000000;3950000000;;Belum;Hak Milik (SHM);Timur;Standard;> 2 Mobil;Yes;5 - 10 Tahun;Yes;No;1 thn;;;Yes;;;;;;Yes
;Sangat Premium;pakuwon city virginia regency;Sby Timur;345;300;5;4;3;7200000000;6900000000;;Belum;Hak Milik (SHM);Utara;Standard;> 2 Mobil;Yes;1 - 4 Tahun;Yes;Yes;8 bln;;;;Yes;;;;;
;Sangat Premium;kertajaya indah regency;Sby Timur;395;710;5;5;2,5;12000000000;11500000000;;Belum;Hak Milik (SHM);Selatan;Tikungan/Hook;> 2 Mobil;Yes;5 - 10 Tahun;Yes;Yes;1 thn;;;;;;;Yes;;
;Sangat Premium;puri galaxy;Sby Timur;360;380;6;4;2;9250000000;9250000000;;Belum;Hak Milik (SHM);Timur;Standard;> 2 Mobil;Yes;> 10 Tahun;Yes;No;1 thn;;;;;;;Yes;;
;Standard;graha natura acasia;Sby Barat;108;107;3;3;2;2200000000;2200000000;;Belum;Pengikatan Perjanjian Jual Beli (PPJB);Selatan;Standard;1-2 Mobil;Yes;1 - 4 Tahun;Yes;No;3 bln;;;;;;;;;
;Standard;pondok chandra belimbing tengah;Sby Timur;135;250;9;5;2;1500000000;1500000000;;Belum;Hak Milik (SHM);Utara;Tikungan/Hook;1-2 Mobil;Yes;5 - 10 Tahun;Yes;No;3 bln;;;;;;;;;
;Standard;north west park nd citraland;Sby Barat;135;100;5;4;2;2500000000;2500000000;;Belum;Pengikatan Perjanjian Jual Beli (PPJB);Timur;Standard;> 2 Mobil;Yes;1 - 4 Tahun;Yes;No;4 bln;;;;;;;;;
;Standard;darmo harapan indah tt;Sby Barat;180;150;4;3;2;1800000000;1950000000;;Belum;Hak Milik (SHM);Selatan;Standard;1-2 Mobil;Yes;5 - 10 Tahun;Yes;No;3 bln;;;;;;;;;
;Sangat Premium;raya kupang baru;Sby Barat;1.818,00;360;9;8;2;40000000000;40000000000;;Belum;Hak Milik (SHM);Timur;Standard;> 2 Mobil;Yes;> 10 Tahun;Yes;Yes;2 bln;;;;;;;;;Yes
;Premium;puri widya kencana k citraland utama;Sby Barat;240;450;5;5;2;4500000000;4500000000;;Belum;Hak Milik (SHM);Barat;Standard;> 2 Mobil;Yes;5 - 10 Tahun;Yes;No;6 bln;;;;;;;;;
;Premium;panjang jiwo permai selatan;Sby Timur;368;200;4;4;2;4500000000;4200000000;;Belum;Hak Milik (SHM);Selatan;Standard;> 2 Mobil;Yes;5 - 10 Tahun;Yes;No;1 thn;;;;;;;;;
;Premium;margorejo indah;Sby Selatan;375;450;5;4;2;6000000000;6000000000;;Belum;Hak Milik (SHM);Barat;Standard;> 2 Mobil;Yes;5 - 10 Tahun;Yes;No;5 bln;;;;;;;;;
;Standard;rungkut asri utara;Sby Timur;180;130;4;2;2;2500000000;2500000000;;Belum;Hak Milik (SHM);Barat;Standard;> 2 Mobil;Yes;5 - 10 Tahun;Yes;No;7 bln;;;;;;;;;Yes
;Standard;perum one gate medokan baru;Sby Utara;135;117;3;2;2;1600000000;1600000000;;Belum;Hak Milik (SHM);Timur;Standard;1-2 Mobil;Yes;5 - 10 Tahun;Yes;No;4 bln;Yes;;Yes;Yes;;;;;
;Standard;perum tenggilis mejoyo ;Sby Timur;84;106;2;5;2;1575000000;1575000000;;Belum;Hak Milik (SHM);Timur;Standard;1-2 Mobil;Yes;1 - 4 Tahun;Yes;No;4 bln;Yes;Yes;;Yes;;;;;
;Premium;royal residence;Sby Barat;240;288;5;5;2;4750000000;4750000000;;Belum;Hak Milik (SHM);Barat;Standard;> 2 Mobil;Yes;5 - 10 Tahun;Yes;Yes;1 bln;;;;;;;;;
;Standard;royal park 2 citraland;Sby Barat;135;100;4;3;2;2750000000;2750000000;;Belum;Hak Guna Bangunan (HGB);Timur;Standard;> 2 Mobil;Yes;5 - 10 Tahun;Yes;Yes;2 bln;;;;;;;;;
;Premium;nginden intan timur blok e;Sby Timur;234;234;6;3;2;3500000000;3500000000;;Belum;Hak Milik (SHM);Barat;Standard;> 2 Mobil;Yes;5 - 10 Tahun;Yes;No;3 thn;Yes;Yes;;;Yes;;;;
;Standard;wisata bukit mas 2 cluster notredame;Sby Barat;66;135;4;4;3;1650000000;1650000000;;Belum;Pengikatan Perjanjian Jual Beli (PPJB);Utara;Standard;1-2 Mobil;Yes;5 - 10 Tahun;Yes;No;2 thn;;Yes;Yes;Yes;;;;;
;Premium;villa westwood pakuwon city;Sby Timur;450;630;5;6;3;10500000000;10500000000;;Belum;Hak Milik (SHM);Timur;Standard;> 2 Mobil;Yes;5 - 10 Tahun;Yes;Yes;3 bln;Yes;Yes;Yes;Yes;;;Yes;;
;Standard;ploso timur ;Sby Timur;157;100;3;2;2;1250000000;1250000000;;Belum;Hak Milik (SHM);Utara;Standard;1-2 Mobil;Yes;5 - 10 Tahun;Yes;No;1 thn;Yes;;;;;;;;
;Standard;aries ;Sby Timur;184;160;4;2;2;1700000000;1700000000;;Belum;Hak Milik (SHM);Barat;Standard;1-2 Mobil;Yes;> 10 Tahun;Yes;No;3 bln;;;;;;;;;
;Standard;tenggilis mejoyo;Sby Timur;200;200;7;4;2;3200000000;2500000000;;Belum;Hak Milik (SHM);Timur;Standard;> 2 Mobil;Yes;5 - 10 Tahun;Yes;Yes;1 thn;Yes;Yes;;;;;;;Yes
;Standard;wisata bukit mas;Sby Barat;104;180;4;4;3;2500000000;2500000000;;Belum;Hak Milik (SHM);Timur;Standard;> 2 Mobil;Yes;5 - 10 Tahun;Yes;No;2 bln;;Yes;;;;No;Yes;;
;Standard;karang asem;Sby Timur;128;150;6;4;1,5;1750000000;1750000000;;Belum;Hak Milik (SHM);Barat;Standard;1-2 Mobil;Yes;> 10 Tahun;Yes;No;3 bln;Yes;;;;;;;;
;Sangat Premium;raya dharma husada indah;Sby Timur;680;1.000,00;6;5;2;35000000000;35000000000;;Belum;Hak Milik (SHM);Barat;Standard;> 2 Mobil;Yes;5 - 10 Tahun;Yes;Yes;2 bln;Yes;Yes;;Yes;Yes;;;;Yes
;Premium;halimun;Sby Selatan;210;200;14;4;1,5;3000000000;3000000000;;Belum;Hak Milik (SHM);Timur;Standard;1-2 Mobil;Yes;> 10 Tahun;Yes;No;2 bln;Yes;;;Yes;;;;;
;Premium;raya dukuh kupang;Sby Barat;60;120;3;3;2;4250000000;4250000000;;Belum;Hak Milik (SHM);Barat;Standard;> 2 Mobil;Yes;> 10 Tahun;Yes;No;3 bln;No;;;Yes;;;;;Yes
;Standard;kutisari indah;Sby Timur;80;106;3;2;2;1500000000;1500000000;;Belum;Hak Milik (SHM);Barat;Standard;> 2 Mobil;Yes;1 - 4 Tahun;Yes;No;1 bln;;Yes;;;;;;;
;Sangat Premium;graha family blok w;Sby Barat;900;1.100,00;5;6;2;58000000000;58000000000;;Belum;Hak Milik (SHM);Timur;Standard;> 2 Mobil;Yes;1 - 4 Tahun;Yes;Yes;2 bln;;Yes;;Yes;;;Yes;;
;Standard;taman mutiara pakuwon city 2 ;Sby Timur;112;200;5;4;2;3350000000;3350000000;;Belum;Hak Milik (SHM);Utara;Standard;> 2 Mobil;Yes;1 - 4 Tahun;Yes;Yes;2 bln;Yes;Yes;;Yes;;;;;
;Standard;citraland utara greenhill;Sby Barat;97;50;2;1;1;1149000000;1149000000;;Belum;Pengikatan Perjanjian Jual Beli (PPJB);Timur;Standard;1-2 Mobil;Yes;1 - 4 Tahun;Yes;No;2 bln;;;;;;;;;
;Standard;dukuh kupang timur;Sby Barat;180;153;4;1;1,5;1600000000;1600000000;;Belum;Hak Milik (SHM);Barat;Standard;> 2 Mobil;Yes;5 - 10 Tahun;Yes;No;5 bln;;;;;;;;;
;Premium;darmo permai selatan;Sby Barat;630;700;5;5;2;5500000000;5500000000;;Belum;Hak Milik (SHM);Barat;Standard;> 2 Mobil;Yes;5 - 10 Tahun;Yes;Yes;2 bln ;;;;;;;;;
;Standard;citraland pelican hill;Sby Barat;120;125;4;2;2;2000000000;1800000000;;Belum;Pengikatan Perjanjian Jual Beli (PPJB);Timur;Standard;1-2 Mobil;Yes;1 - 4 Tahun;Yes;No;2 bln;;;;;;;;;
;Standard;jemursari regency;Sby Timur;122;167;4;4;2;2300000000;2300000000;;Belum;Hak Milik (SHM);Selatan;Standard;> 2 Mobil;Yes;1 - 4 Tahun;Yes;No;2 bln;;;;;;;;;
;Standard;mulyosari utara;Sby Timur;134;200;6;4;2;1800000000;1600000000;;Belum;Hak Milik (SHM);Timur;Tikungan/Hook;> 2 Mobil;Yes;5 - 10 Tahun;Yes;No;3 bln;;;;;;;;;
;Standard;sutorejo utara;Sby Timur;153;240;5;5;2;2950000000;2950000000;;Belum;Hak Milik (SHM);Timur;Standard;> 2 Mobil;Yes;5 - 10 Tahun;Yes;No;3 bln;;;;;;;;;
;Standard;purimas;Sby Timur;210;180;4;3;2;2800000000;2800000000;;Belum;Hak Milik (SHM);Utara;Standard;> 2 Mobil;Yes;5 - 10 Tahun;Yes;No;2 bln;Yes;;;;Yes;;;;
;Standard;tenggilis permai ;Sby Timur;180;130;4;2;2;1600000000;1600000000;;Belum;Hak Milik (SHM);Barat;Tikungan/Hook;1-2 Mobil;Yes;5 - 10 Tahun;Yes;No;4 bln;;;;;;;;;
;Premium;central park mulyosari;Sby Timur;400;300;8;7;2;6500000000;6500000000;;Belum;Hak Milik (SHM);Timur;Standard;> 2 Mobil;Yes;5 - 10 Tahun;Yes;No;3 bln;Yes;Yes;Yes;Yes;Yes;;;;
;Premium;citraland stamford palace;Sby Barat;162;245;5;4;2;3000000000;2900000000;;Belum;Pengikatan Perjanjian Jual Beli (PPJB);Timur;Standard;> 2 Mobil;Yes;1 - 4 Tahun;Yes;Yes;1 bln;;;;;;;;;
;Premium;greenlake ;Sby Barat;240;280;5;4;2;5500000000;5000000000;;Belum;Hak Milik (SHM);Barat;Standard;> 2 Mobil;Yes;1 - 4 Tahun;Yes;Yes;1 bln;;;;;;;;;
;Premium;woodland;Sby Barat;234;270;5;5;2;4350000000;4500000000;;Belum;Hak Milik (SHM);Utara;Standard;> 2 Mobil;Yes;5 - 10 Tahun;Yes;No;2 bln;;;;;;;;;
;Premium;royal residence;Sby Barat;240;288;5;5;2;4750000000;4750000000;;Belum;Hak Milik (SHM);Selatan;Standard;> 2 Mobil;Yes;5 - 10 Tahun;Yes;Yes;2 bln;Yes;Yes;Yes;;;;;;
;Standard;koala regency;Sby Timur;96;137;4;4;2;1700000000;1700000000;;Belum;Hak Milik (SHM);Timur;Standard;> 2 Mobil;Yes;1 - 4 Tahun;Yes;Yes;3 bln ;;;;;;;;;
;Premium;citraland utama;Sby Barat;210;118;4;3;1;3100000000;3100000000;;Belum;Hak Milik (SHM);Barat;Standard;> 2 Mobil;Yes;1 - 4 Tahun;Yes;No;2 bln ;;;;;;;;;
;Standard;raffles garden citraland;Sby Barat;180;100;3;2;1;2150000000;2150000000;;Belum;Hak Milik (SHM);Utara;Standard;1-2 Mobil;Yes;> 10 Tahun;No;No;6 bln ;;;;;;;;;
;Premium;villa valensia pakuwon;Sby Barat;144;150;4;3;2;3000000000;3000000000;;Belum;Hak Milik (SHM);Utara;Standard;> 2 Mobil;Yes;5 - 10 Tahun;Yes;No;5 bln;Yes;Yes;Yes;Yes;;;;;
;Sangat Premium;raya siwalankerto;Sby Selatan;1.200,00;2.000,00;36;36;3;15000000000;13000000000;;Belum;Hak Milik (SHM);Barat;Standard;> 2 Mobil;Yes;5 - 10 Tahun;Yes;Yes;7 bln ;Yes;Yes;Yes;Yes;Yes;No;;;Yes
;Premium;pantai mentari hampton;Sby Timur;187;250;5;5;2;3300000000;3100000000;;Belum;Hak Milik (SHM);Selatan;Standard;> 2 Mobil;Yes;1 - 4 Tahun;Yes;Yes;3 bln;;;;;;;;;
;Standard;wonorungkut;Sby Timur;75;120;3;3;2;1400000000;1400000000;;Belum;Hak Milik (SHM);Barat;Standard;1-2 Mobil;Yes;1 - 4 Tahun;Yes;No;1 bln;;;;;;;;;
;Premium;fullerton cluster depan;Sby Barat;210;350;5;6;2;5250000000;5250000000;;Belum;Pengikatan Perjanjian Jual Beli (PPJB);Barat;Standard;> 2 Mobil;Yes;1 - 4 Tahun;Yes;No;1 bln;;;;;;;;;
;Sangat Premium;boulevard wisata bukit mas;Sby Barat;420;700;5;6;2;9500000000;9500000000;;Belum;Hak Milik (SHM);Utara;Standard;> 2 Mobil;Yes;5 - 10 Tahun;Yes;Yes;5 bln;;;;;;;;;
;Sangat Premium;fullerton citraland ;Sby Barat;360;450;5;6;2;8500000000;8500000000;;Belum;Hak Milik (SHM);Timur;Tikungan/Hook;> 2 Mobil;Yes;1 - 4 Tahun;Yes;No;4 bln;;;;;;;;;
;Premium;golf avenue citraland;Sby Barat;248;300;5;5;2;4750000000;5000000000;;Belum;Hak Milik (SHM);Timur;Tikungan/Hook;> 2 Mobil;Yes;1 - 4 Tahun;Yes;No;2 bln ;;;;;;;;;
;Premium;citraland;Sby Barat;200;280;4;4;2;3850000000;3850000000;;Belum;Hak Milik (SHM);Barat;Standard;> 2 Mobil;Yes;5 - 10 Tahun;Yes;Yes;5 bln;Yes;Yes;Yes;No;;;;;No
;Standard;klampis semolo timur;Sby Timur;135;185;5;4;2;2600000000;2600000000;;Belum;Hak Milik (SHM);Barat;Standard;> 2 Mobil;Yes;5 - 10 Tahun;Yes;No;1 bln ;;;;;;;;;
;Sangat Premium;galaxy bumi permai araya 2;Sby Timur;310;425;5;4;2;9000000000;8500000000;;Belum;Hak Milik (SHM);Timur;Tikungan/Hook;> 2 Mobil;Yes;5 - 10 Tahun;Yes;No;4 bln ;Yes;Yes;;;;;;;
;Standard;medokan asri;Sby Timur;84;70;3;2;2;990000000;990000000;;Belum;Hak Milik (SHM);Timur;Standard;> 2 Mobil;Yes;1 - 4 Tahun;Yes;No;1 bln;;;;;;;;;
;Premium;araya 1;Sby Timur;201;225;6;5;2;4900000000;4900000000;;Belum;Hak Milik (SHM);Timur;Standard;> 2 Mobil;Yes;5 - 10 Tahun;Yes;No;1 bln;;;;;;;;;
;Standard;simpang darmo permai selatan ;Sby Barat;90;100;3;2;1,5;1000000000;1000000000;;Belum;Hak Milik (SHM);Utara;Standard;1-2 Mobil;Yes;5 - 10 Tahun;Yes;No;4 bln;;;;;;;;;
;Below Standard;pondok benowo;Sby Barat;72;50;2;1;1;575000000;575000000;;Belum;Hak Milik (SHM);Barat;Standard;1-2 Mobil;Yes;1 - 4 Tahun;Yes;No;1 bln;;;;;;;;;
;Below Standard;golden berry menganti;Gresik;72;93;2;1;1,5;450000000;450000000;;Belum;Hak Milik (SHM);Utara;Standard;1-2 Mobil;Yes;> 10 Tahun;Yes;No;5 bln;;;;;;;;;
;Standard;wisata bukit mas;Sby Barat;180;146;4;3;2;2500000000;2500000000;;Belum;Hak Milik (SHM);Selatan;Standard;> 2 Mobil;Yes;5 - 10 Tahun;Yes;No;2 bln;Yes;Yes;Yes;Yes;Yes;;;;
;Standard;griya pesona asri medayu rungkut;Sby Timur;78;50;2;1;1;975000000;975000000;;Belum;Hak Milik (SHM);Selatan;Standard;> 2 Mobil;Yes;5 - 10 Tahun;Yes;No; 3 bln;;;;;;;;;
;Standard;kalijudan barat;Sby Timur;205;203;4;2;2;1150000000;1150000000;;Belum;Hak Milik (SHM);Selatan;Standard;1-2 Mobil;Yes;5 - 10 Tahun;No;No;1 thn;Yes;Yes;;;;;;;
;Premium;kertajaya indah regency blok h;Sby Timur;198;350;7;4;2;3400000000;3400000000;;Belum;Hak Milik (SHM);Timur;Tusuk Sate;> 2 Mobil;Yes;5 - 10 Tahun;Yes;Yes;4 bln ;;Yes;Yes;Yes;;;Yes;;
;Premium;nirwana eksekutif;Sby Timur;198;350;6;6;2;3600000000;3600000000;;Belum;Hak Milik (SHM);Utara;Standard;> 2 Mobil;Yes;5 - 10 Tahun;Yes;Yes;2 bln;Yes;;;;Yes;;;;
;Premium;cipunegara;Sby Selatan;280;222;4;2;2;3500000000;3100000000;;Belum;Hak Guna Bangunan (HGB);Timur;Standard;> 2 Mobil;Yes;> 10 Tahun;No;No;1 bln;Yes;Yes;Yes;;;;;;
;Sangat Premium;rungkut mutiara blok c;Sby Timur;304;330;5;4;2;6000000000;6000000000;;Belum;Hak Milik (SHM);Barat;Standard;> 2 Mobil;Yes;5 - 10 Tahun;Yes;Yes;1 bln;;;;;;;;;
;Standard;keputih;Sby Timur;100;160;4;3;2;1250000000;1250000000;;Belum;Hak Milik (SHM);Timur;Standard;1-2 Mobil;Yes;1 - 4 Tahun;Yes;Yes;1 bln;Yes;;;;Yes;;;;
;Sangat Premium;citraland rafles garden;Sby Barat;312;475;6;7;2,5;6700000000;6700000000;;Belum;Hak Guna Bangunan (HGB);Utara;Standard;> 2 Mobil;Yes;5 - 10 Tahun;Yes;Yes;2 bln;Yes;Yes;Yes;;;;;;
;Sangat Premium;puri galaxy;Sby Timur;360;380;6;4;3;8700000000;8700000000;;Belum;Hak Milik (SHM);Timur;Standard;> 2 Mobil;Yes;5 - 10 Tahun;Yes;No;2 bln;;Yes;Yes;;;;;;
;Standard;banjaran kediri;Kediri;400;250;4;1;1;2500000000;2500000000;;Belum;Hak Milik (SHM);Timur;Standard;1-2 Mobil;Yes;5 - 10 Tahun;Yes;No;2 bln ;;;;;;;;;
;Standard;alam galaxy ;Sby Barat;72;50;1;2;1;1400000000;1400000000;;Belum;Hak Milik (SHM);Timur;Standard;1-2 Mobil;Yes;1 - 4 Tahun;Yes;No;2 bln;;;;;;;;;
;Standard;alam galaxy;Sby Barat;144;120;4;2;1,5;2200000000;2200000000;;Belum;Hak Milik (SHM);Selatan;Standard;> 2 Mobil;Yes;1 - 4 Tahun;Yes;Yes;2 bln;;;;;;;;;
;Standard;sukolilo dian regency 1;Sby Timur;105;80;3;2;1,5;1250000000;1250000000;;Belum;Hak Milik (SHM);Selatan;Standard;> 2 Mobil;Yes;1 - 4 Tahun;Yes;No;1 bln;;;;;;;;;
;Premium;darmo permai timur;Sby Barat;375;353;4;3;2;4000000000;4000000000;;Belum;Hak Milik (SHM);Selatan;Standard;> 2 Mobil;Yes;> 10 Tahun;No;No;2 bln;;;;;;;;;
;Premium;royal residence;Sby Barat;352;500;6;4;3;6500000000;6500000000;;Belum;Hak Milik (SHM);Timur;Standard;> 2 Mobil;Yes;5 - 10 Tahun;Yes;Yes;4 bln;;;;;;;;;
;Standard;darmo permai timur;Sby Barat;135;170;5;4;2;2850000000;2850000000;;Belum;Hak Milik (SHM);Timur;Standard;1-2 Mobil;Yes;5 - 10 Tahun;Yes;No;2 bln;;;;;;;;;
;Sangat Premium;pakuwon indah ae;Sby Barat;300;312;5;5;2;12000000000;12000000000;;Belum;Pengikatan Perjanjian Jual Beli (PPJB);Utara;Standard;> 2 Mobil;Yes;5 - 10 Tahun;Yes;Yes;2 bln;;;;;;;;;
;Premium;pondok nirwana;Sby Timur;240;200;6;3;2;3300000000;3300000000;;Belum;Hak Milik (SHM);Utara;Standard;> 2 Mobil;Yes;1 - 4 Tahun;Yes;No;1 bln;Yes;;;;;;;;
;Sangat Premium;dian istana park avenue c;Sby Barat;375;400;5;4;2;8500000000;8500000000;;Belum;Hak Guna Bangunan (HGB);Selatan;Standard;> 2 Mobil;Yes;1 - 4 Tahun;Yes;No;1 bln;;;;;;;;;
;Standard;mojoklangru lor;Sby Timur;138;138;3;2;1;1650000000;1650000000;;Belum;Hak Milik (SHM);Utara;Standard;1-2 Mobil;Yes;5 - 10 Tahun;Yes;No;1 bln;;;;;;;;;
;Premium;mojoklanggru kidul;Sby Timur;350;450;6;3;2;4700000000;4700000000;;Belum;Hak Milik (SHM);Utara;Tikungan/Hook;1-2 Mobil;Yes;5 - 10 Tahun;Yes;No;1 bln;Yes;;Yes;Yes;;;;;Yes
;Premium;dharma husada utara;Sby Timur;397;297;7;4;2;6800000000;6800000000;;Belum;Hak Guna Bangunan (HGB);Barat;Standard;> 2 Mobil;Yes;5 - 10 Tahun;Yes;No;1 bln;;;;;;;;;
;Premium;kertajaya indah regency;Sby Timur;198;350;7;4;2;3400000000;3400000000;;Belum;Hak Milik (SHM);Timur;Standard;> 2 Mobil;Yes;1 - 4 Tahun;Yes;No;1 bln ;;;;;;;;;
;Premium;sutorejo prima;Sby Timur;350;450;5;5;2;5200000000;5200000000;;Belum;Hak Milik (SHM);Barat;Standard;> 2 Mobil;Yes;1 - 4 Tahun;Yes;Yes;1 bln;Yes;Yes;Yes;;Yes;;;;
;Premium;semolowaru elok;Sby Timur;303;220;6;6;2;3300000000;3300000000;;Belum;Hak Milik (SHM);Selatan;Standard;1-2 Mobil;Yes;1 - 4 Tahun;Yes;No;1 bln;Yes;Yes;Yes;;Yes;;;;
;Premium;manyar redjo;Sby Timur;351;198;4;3;1;4900000000;4900000000;;Belum;Hak Milik (SHM);Utara;Standard;> 2 Mobil;Yes;5 - 10 Tahun;Yes;No;1 bln;Yes;;;;;;;;
;Premium;dharma husada mas;Sby Timur;200;300;5;4;2;4250000000;4250000000;;Belum;Hak Milik (SHM);Selatan;Standard;> 2 Mobil;Yes;5 - 10 Tahun;Yes;No;1 bln;Yes;Yes;Yes;;Yes;;;;
;Standard;wiguna tengah;Sby Timur;60;50;2;1;1;750000000;750000000;;Belum;Hak Milik (SHM);Selatan;Standard;1-2 Mobil;Yes;1 - 4 Tahun;Yes;No;1 bln;;;;;;;;;
;Standard;manyar tirtoasri;Sby Timur;70;120;4;4;2;1500000000;1500000000;;Belum;Hak Milik (SHM);Utara;Standard;> 2 Mobil;Yes;5 - 10 Tahun;Yes;No;1 bln;;;;;;;;;
;Standard;dukuh setro ;Sby Timur;210;210;5;2;1,5;1500000000;1500000000;;Belum;Hak Milik (SHM);Timur;Standard;1-2 Mobil;Yes;5 - 10 Tahun;Yes;No;1 bln;;;;;;;;;
;Premium;graha family ;Sby Barat;230;270;4;4;2;5500000000;5500000000;;Belum;Hak Milik (SHM);Selatan;Standard;> 2 Mobil;Yes;1 - 4 Tahun;Yes;Yes;1 bln;;;;;;;;;
;Standard;jemursari regency;Sby Selatan;120;140;4;4;1;2500000000;2500000000;;Belum;Hak Milik (SHM);Selatan;Standard;> 2 Mobil;Yes;1 - 4 Tahun;Yes;No;1 bln;Yes;;Yes;;Yes;;;;
;Premium;Graha Famili;Sby Barat;360;600;6;7;2;11M;13,5M;0;Belum;Hak Milik (SHM);Selatan;Standard;10;No;5 - 10 Tahun;Yes;No;3 bulan;No;Yes;No;Yes;No;No;Yes;Yes;No
;Premium;Graha Famili;Sby Barat;792;500;6;5;2;20M;17M;0;Belum;Hak Milik (SHM);Selatan;Standard;15;Yes;> 10 Tahun;Yes;Yes; 6 bulan;No;Yes;No;Yes;No;No;Yes;Yes;No
;Premium;Graha Famili;Sby Barat;252;290;5;4;2;6M;7.25M;0;Belum;Hak Milik (SHM);Barat;Standard;10;No;5 - 10 Tahun;Yes;No;3 bulan;No;Yes;Yes;Yes;No;No;Yes;Yes;No
;Premium;Graha Famili;Sby Barat;300;450;4;4;2;8M;7M;6.3M;Terjual;Hak Milik (SHM);Utara;Standard;10;Yes;> 10 Tahun;Yes;No;6 bulan;No;Yes;Yes;Yes;No;No;Yes;Yes;No
;Sangat Premium;Graha Famili;Sby Barat;2.000,00;1.475,00;8;9;2;120M;105M;0;Belum;Hak Milik (SHM);Selatan;Standard;12;Yes;5 - 10 Tahun;No;No;3 bulan;No;Yes;Yes;Yes;No;No;Yes;Yes;No
;Premium;Graha Famili;Sby Barat;450;400;5;5;2;12M;11.5M;0;Belum;Hak Milik (SHM);Utara;Standard;10;No;5 - 10 Tahun;Yes;No;6 bulan;No;Yes;Yes;Yes;No;No;Yes;Yes;No
;Premium;Graha Famili;Sby Barat;252;270;5;4;2;5,5M;5M;0;Belum;Hak Guna Bangunan (HGB);Timur;Tusuk Sate;10;No;5 - 10 Tahun;Yes;Yes;1 tahun;No;Yes;Yes;Yes;No;No;Yes;Yes;No
;Premium;Graha Famili;Sby Barat;875;600;7;5;2;20M;18;0;Belum;Hak Guna Bangunan (HGB);Selatan;Standard;15;No;> 10 Tahun;No;No;1 tahun;No;Yes;Yes;Yes;No;No;Yes;Yes;No
;Premium;Graha Famili;Sby Barat;412;370;5;4;2;11M;9.8M;0;Belum;Hak Milik (SHM);Selatan;Tikungan/Hook;10;Yes;5 - 10 Tahun;Yes;No;6 bulan;No;Yes;Yes;Yes;No;No;Yes;Yes;No
;Premium;Graha Famili;Sby Barat;375;300;5;4;2;10M;11M;8.9M;Terjual;Hak Guna Bangunan (HGB);Timur;Standard;10;Yes;5 - 10 Tahun;Yes;No;2 bulan;No;Yes;Yes;Yes;No;No;Yes;Yes;No
;Premium;Citraland;Sby Barat;240;200;5;4;2;5M;5.5M;0;Belum;Hak Guna Bangunan (HGB);Utara;Standard;10;No;1 - 4 Tahun;Yes;No;4 bulan;Yes;Yes;No;No;Yes;No;No;No;No
;Premium;Citraland;Sby Barat;210;180;4;2;2;4.5M;3.6M;0;Belum;Hak Milik (SHM);Selatan;Standard;10;Yes;5 - 10 Tahun;Yes;No;6 bulan;Yes;Yes;No;No;Yes;Yes;No;No;No
;Premium;Citraland;Sby Barat;171;120;4;2;2;2.4M;2.6M;0;Belum;Hak Milik (SHM);Selatan;Standard;12;No;5 - 10 Tahun;Yes;No;3 bulan;Yes;Yes;No;No;Yes;No;Yes;No;No
;Premium;Citraland;Sby Barat;105;70;2;1;1;1.2M;1.4M;1M;Terjual;Hak Milik (SHM);Utara;Standard;8;Yes;> 10 Tahun;Yes;No;3 bulan;Yes;Yes;No;No;Yes;No;No;No;No
;Premium;Citraland;Sby Barat;450;370;6;4;2;8.5M;9M;7.3M;Terjual;Hak Milik (SHM);Barat;Tusuk Sate;15;Yes;> 10 Tahun;Yes;No;1 tahun;Yes;Yes;No;No;Yes;No;No;No;Yes
;Sangat Premium;Citraland;Sby Barat;800;1.200,00;8;7;2;30M;40M;0;Belum;Hak Guna Bangunan (HGB);Timur;Standard;10;No;5 - 10 Tahun;Yes;Yes;1 tahun;Yes;Yes;No;No;Yes;No;No;No;No
;Premium;Citraland;Sby Barat;90;120;4;2;2;1.8M;2M;0;Belum;Pengikatan Perjanjian Jual Beli (PPJB);Utara;Standard;10;No;1 - 4 Tahun;Yes;No;5 bulan;Yes;Yes;No;No;Yes;No;No;No;No
;Standard;Citraland Utara;Sby Barat;90;100;3;2;2;1.5M;1.6M;0;Belum;Pengikatan Perjanjian Jual Beli (PPJB);Timur;Standard;10;Yes;1 - 4 Tahun;Yes;No;2 bulan;Yes;Yes;No;No;Yes;No;No;No;No
;Standard;Citraland Utara;Sby Barat;120;100;3;2;2;2M;2.4M;0;Belum;Pengikatan Perjanjian Jual Beli (PPJB);Utara;Standard;12;No;1 - 4 Tahun;Yes;Yes;6 bulan;Yes;Yes;No;No;Yes;No;No;No;No
;Standard;Citraland Utara;Sby Barat;72;45;2;1;1;850 juta;900 juta;0;Belum;Pengikatan Perjanjian Jual Beli (PPJB);Utara;Tusuk Sate;8;No;5 - 10 Tahun;Yes;No;1 tahun;Yes;Yes;No;No;Yes;No;No;No;No
;Premium;Dian Istana;Sby Barat;252;250;5;3;2;5M;4.5M;0;Belum;Hak Milik (SHM);Timur;Standard;10;No;5 - 10 Tahun;Yes;Yes;1 tahun;No;No;No;No;No;No;Yes;No;No
;Premium;Dian Istana;Sby Barat;240;200;5;3;2;5M;5.5M;4.8M;Terjual;Hak Guna Bangunan (HGB);Utara;Standard;10;No;1 - 4 Tahun;Yes;No;6 bulan;No;No;No;No;No;No;Yes;No;No
;Premium;Dian Istana;Sby Barat;128;160;4;3;2;3.6M;4M;0;Belum;Pengikatan Perjanjian Jual Beli (PPJB);Utara;Standard;10;No;1 - 4 Tahun;Yes;No;4 bulan;No;No;No;No;No;No;Yes;No;No
;Premium;Dian Istana;Sby Barat;600;780;7;6;2;12.5M;14M;0;Belum;Hak Milik (SHM);Selatan;Standard;12;No;5 - 10 Tahun;Yes;No;1 tahun;No;No;No;No;No;No;Yes;No;No
;Premium;Dian Istana;Sby Barat;200;220;5;3;2;4M;3.3M;0;Belum;Hak Milik (SHM);Barat;Cul De Sac/Ujung Gang Buntu;10;Yes;5 - 10 Tahun;No;No;8 bulan;No;No;No;No;No;No;Yes;No;No
;Premium;Bukit Darmo Golf;Sby Barat;240;200;4;2;2;5M;4.8M;0;Belum;Hak Milik (SHM);Utara;Standard;10;Yes;5 - 10 Tahun;Yes;No;3 bulan;No;Yes;No;Yes;No;No;Yes;No;No
;Premium;Bukit Darmo Golf;Sby Barat;800;1.000,00;7;7;2;25M;23M;0;Belum;Hak Milik (SHM);Utara;Standard;15;No;5 - 10 Tahun;Yes;Yes;1 tahun;No;Yes;No;Yes;No;No;Yes;No;No
;Premium;Bukit Darmo Golf;Sby Barat;240;200;4;2;2;5M;5.5M;0;Belum;Hak Milik (SHM);Selatan;Standard;10;No;5 - 10 Tahun;Yes;No;1 tahun;No;Yes;No;Yes;No;No;Yes;No;No
;Premium;Royal Residence;Sby Barat;144;180;5;3;2;2.8M;3.3M;0;Belum;Pengikatan Perjanjian Jual Beli (PPJB);Timur;Standard;10;No;5 - 10 Tahun;Yes;Yes;8 bulan;No;No;No;No;Yes;No;Yes;No;No
;Premium;Royal Residence;Sby Barat;128;160;5;4;2,5;2.8M;3.2M;0;Belum;Pengikatan Perjanjian Jual Beli (PPJB);Selatan;Standard;12;No;1 - 4 Tahun;Yes;Yes;4 bulan;No;No;No;No;Yes;No;Yes;No;No
;Premium;Darmo Permai;Sby Barat;90;120;3;2;2;1.4M;1.7M;0;Belum;Hak Milik (SHM);Selatan;Standard;8;No;5 - 10 Tahun;Yes;No;6 bulan;Yes;No;No;No;Yes;No;No;No;No
;Standard;Darmo Permai;Sby Barat;180;100;4;2;1;2.1M;1.9M;0;Belum;Hak Milik (SHM);Utara;Standard;8;Yes;> 10 Tahun;Yes;No;2 bulan;Yes;No;No;No;No;No;No;No;No
;Standard;Darmo Permai;Sby Barat;225;300;5;4;2;2.8M;2.8M;0;Belum;Hak Milik (SHM);Timur;Standard;8;Yes;> 10 Tahun;Yes;Yes;3 bulan;Yes;No;No;No;No;No;No;No;No
;Standard;Darmo Permai;Sby Barat;120;100;4;2;2;1.5M;2;1.2M;Terjual;Hak Milik (SHM);Barat;Standard;8;Yes;5 - 10 Tahun;Yes;No;6 bulan;No;Yes;No;No;Yes;No;No;No;No
;Premium;Darmo Permai;Sby Barat;800;550;7;4;2;22M;25M;17M;Terjual;Hak Milik (SHM);Barat;Standard;15;Yes;> 10 Tahun;Yes;No;6 bulan;Yes;Yes;No;No;No;No;No;Yes;Yes
;Standard;Darmo Permai;Sby Barat;180;240;4;4;2;2.2M;3M;0;Belum;Hak Milik (SHM);Selatan;Standard;8;No;> 10 Tahun;Yes;No;3 bulan;Yes;No;No;No;No;No;No;No;No
;Standard;Darmo Permai;Sby Barat;135;220;4;3;2;1.8M;1.9M;0;Belum;Hak Milik (SHM);Timur;Standard;8;No;> 10 Tahun;Yes;Yes;2 bulan;No;No;No;No;No;No;No;No;No
;Standard;Darmo Permai;Sby Barat;90;120;4;2;2;1.7M;1.8M;0;Belum;Hak Milik (SHM);Timur;Standard;8;Yes;> 10 Tahun;Yes;No;1 tahun;Yes;No;No;No;No;No;No;No;No
;Standard;Darmo Permai;Sby Barat;120;85;3;2;1;1.1M;900 juta;0;Belum;Hak Milik (SHM);Barat;Tusuk Sate;8;Yes;> 10 Tahun;No;No;14 bulan;Yes;No;No;No;No;No;No;No;No
;Standard;Darmo Permai;Sby Barat;264;400;5;5;2;2.8M;3.7M;0;Belum;Hak Milik (SHM);Utara;Tikungan/Hook;8;No;1 - 4 Tahun;Yes;No;4 bulan;Yes;No;No;No;No;No;No;No;No
;Standard;Kupang Indah;Sby Barat;240;400;5;4;2;4.8M;5M;4.8M;Terjual;Hak Milik (SHM);Timur;Standard;10;No;1 - 4 Tahun;Yes;Yes;3 bulan;No;No;No;No;No;No;No;No;No
;Standard;Kupang Indah;Sby Barat;300;200;5;3;1;4.5M;4.5M;0;Belum;Hak Milik (SHM);Barat;Standard;10;No;> 10 Tahun;Yes;Yes;6 bulan;No;No;No;No;Yes;No;No;No;No
;Standard;Kupang Indah;Sby Barat;600;450;7;5;1;7M;6.8M;0;Belum;Hak Milik (SHM);Timur;Standard;10;Yes;5 - 10 Tahun;Yes;No;2 bulan;No;No;No;No;No;No;No;No;No
;Standard;Kupang Indah;Sby Barat;240;180;4;4;1;3.8M;3.5M;0;Belum;Hak Milik (SHM);Selatan;Standard;10;Yes;5 - 10 Tahun;Yes;No;7 bulan;No;No;No;No;Yes;No;No;No;No
;Standard;Kupang Indah;Sby Barat;320;385;6;4;1;3.2M;3M;0;Belum;Hak Milik (SHM);Utara;Tikungan/Hook;10;Yes;5 - 10 Tahun;Yes;No;6 bulan;No;No;No;No;No;No;No;No;No
;Standard;Kupang Indah;Sby Barat;240;400;5;4;2;5M;5.5M;0;Belum;Hak Milik (SHM);Barat;Standard;10;No;1 - 4 Tahun;Yes;No;3 bulan ;No;No;No;No;No;No;No;No;No
;Standard;Kupang Indah;Sby Barat;360;200;5;3;1;4.8M;5.2M;0;Belum;Hak Milik (SHM);Selatan;Tikungan/Hook;12;No;5 - 10 Tahun;Yes;No;3 bulan ;No;Yes;No;No;No;No;No;No;No
;Premium;Kupang Indah;Sby Barat;400;700;7;5;2;7M;7.5M;0;Belum;Hak Milik (SHM);Selatan;Standard;12;No;5 - 10 Tahun;Yes;No;3 bulan ;No;Yes;No;No;No;No;No;No;No
;Premium;Kupang Indah;Sby Barat;500;680;7;4;2;8M;9M;0;Belum;Hak Milik (SHM);Selatan;Standard;12;No;5 - 10 Tahun;Yes;No;1 tahun;No;No;No;No;No;No;No;No;No
;Below Standard;Kupang Indah;Sby Barat;300;215;4;4;1;3M;2.7M;0;Belum;Hak Milik (SHM);Utara;Standard;10;Yes;> 10 Tahun;Yes;Yes;6 bulan;No;No;No;No;No;No;No;No;No
;Premium;Pakuwon Indah;Sby Barat;144;200;4;4;2;3.6M;4M;0;Belum;Hak Guna Bangunan (HGB);Utara;Standard;10;No;1 - 4 Tahun;Yes;No;4 bulan;No;No;No;Yes;No;No;Yes;No;No
;Premium;Pakuwon Indah;Sby Barat;144;216;4;4;2;3.6M;4.2M;0;Belum;Hak Milik (SHM);Barat;Standard;10;No;5 - 10 Tahun;Yes;No;2 bulan;No;No;No;Yes;No;No;Yes;No;No
;Premium;Pakuwon Indah;Sby Barat;180;242;5;4;2;4.5M;4.3M;0;Belum;Hak Milik (SHM);Selatan;Standard;10;Yes;5 - 10 Tahun;Yes;No;6 bulan;No;No;No;Yes;No;No;Yes;No;No
;Premium;Pakuwon Indah;Sby Barat;180;236;5;4;2;4.5M;5M;0;Belum;Hak Guna Bangunan (HGB);Barat;Standard;10;No;5 - 10 Tahun;Yes;Yes;6 bulan;No;No;No;Yes;No;No;Yes;No;No
;Premium;Pakuwon Indah;Sby Barat;240;400;5;4;2;6M;7.8M;0;Belum;Pengikatan Perjanjian Jual Beli (PPJB);Timur;Standard;10;No;1 - 4 Tahun;Yes;No;8 bulan;No;No;No;Yes;No;No;Yes;No;No
;Premium;Pakuwon Indah;Sby Barat;240;420;5;4;2;6M;7M;0;Belum;Pengikatan Perjanjian Jual Beli (PPJB);Utara;Standard;12;No;1 - 4 Tahun;Yes;Yes;6 bulan;No;No;No;Yes;No;No;Yes;No;No
;Premium;Pakuwon Indah;Sby Barat;450;800;6;3;2;11M;11.5M;0;Belum;Hak Milik (SHM);Barat;Standard;10;No;5 - 10 Tahun;Yes;No;6 bulan;No;No;No;Yes;No;No;Yes;No;No
;Premium;Pakuwon Indah;Sby Barat;600;1.000,00;8;6;2;15M;18M;0;Belum;Hak Milik (SHM);Selatan;Standard;12;No;5 - 10 Tahun;Yes;No;1 tahun;No;No;No;Yes;No;No;Yes;No;No
;Premium;Pakuwon Indah;Sby Barat;240;400;5;4;2;4.5M;4.3M;0;Belum;Hak Milik (SHM);Timur;Standard;10;No;5 - 10 Tahun;Yes;No;6 bulan;No;No;No;Yes;No;No;Yes;No;No
;Premium;Pakuwon Indah;Sby Barat;870;1.450,00;8;6;2;23M;30M;0;Belum;Hak Milik (SHM);Utara;Tikungan/Hook;15;No;5 - 10 Tahun;Yes;Yes;6 bulan;No;No;No;Yes;No;No;Yes;No;No
;Premium;Citraland;Sby Barat;210;200;5;5;2;5M;5.5M;0;Belum;Hak Guna Bangunan (HGB);Utara;Standard;10;No;1 - 4 Tahun;Yes;No;4 bulan;Yes;Yes;No;No;Yes;No;No;No;No
;Premium;Citraland;Sby Barat;252;180;4;2;2;4.5M;3.6M;3.5M;Terjual;Hak Milik (SHM);Utara;Standard;10;Yes;5 - 10 Tahun;Yes;No;6 bulan;Yes;Yes;No;No;Yes;Yes;No;No;No
;Standard;Citraland;Sby Barat;135;110;4;2;2;2;2M;2;Terjual;Pengikatan Perjanjian Jual Beli (PPJB);Timur;Standard;12;Yes;5 - 10 Tahun;Yes;No;3 bulan;Yes;Yes;No;No;Yes;No;Yes;No;No
;Standard;Citraland;Sby Barat;105;100;2;1;2;1.5M;1.4M;1;Terjual;Hak Milik (SHM);Utara;Standard;8;Yes;> 10 Tahun;Yes;No;3 bulan;Yes;Yes;No;No;Yes;No;No;No;No
;Premium;Citraland;Sby Barat;300;700;6;4;2,5;7M;7,8M;7;Terjual;Hak Milik (SHM);Selatan;Standard;15;Yes;1 - 4 Tahun;Yes;No;4 bulan;Yes;Yes;No;No;Yes;No;No;No;Yes
;Premium;Citraland;Sby Barat;600;900;8;7;2;18M;21M;0;Belum;Hak Guna Bangunan (HGB);Timur;Standard;10;No;5 - 10 Tahun;Yes;Yes;1 tahun;Yes;Yes;No;No;Yes;No;No;No;No
;Premium;Citraland;Sby Barat;90;120;4;2;2;1.8M;2M;0;Belum;Pengikatan Perjanjian Jual Beli (PPJB);Utara;Standard;10;No;1 - 4 Tahun;Yes;No;5 bulan;Yes;Yes;No;No;Yes;No;No;No;No
;Standard;Citraland Utara;Sby Barat;90;100;3;2;2;1.5M;1.6M;0;Belum;Pengikatan Perjanjian Jual Beli (PPJB);Timur;Standard;10;Yes;1 - 4 Tahun;Yes;No;2 bulan;No;Yes;No;No;Yes;No;No;No;No
;Standard;Citraland Utara;Sby Barat;120;100;3;2;2;2M;2.4M;0;Belum;Pengikatan Perjanjian Jual Beli (PPJB);Utara;Standard;12;No;1 - 4 Tahun;Yes;No;6 bulan;No;Yes;No;No;Yes;No;No;No;No
;Standard;Citraland Utara;Sby Barat;135;180;4;2;2;2.2M;2.1M;0;Belum;Pengikatan Perjanjian Jual Beli (PPJB);Utara;Standard;8;No;1 - 4 Tahun;Yes;No;3 bulan;No;Yes;No;No;Yes;No;No;No;No
;Premium;Royal Residence;Sby Barat;144;180;5;3;2;2.8M;3.3M;0;Belum;Pengikatan Perjanjian Jual Beli (PPJB);Timur;Standard;10;No;5 - 10 Tahun;Yes;Yes;8 bulan;No;No;No;No;Yes;No;Yes;No;No
;Premium;Royal Residence;Sby Barat;128;160;5;4;2,5;2.8M;3.2M;0;Belum;Pengikatan Perjanjian Jual Beli (PPJB);Selatan;Standard;12;No;1 - 4 Tahun;Yes;Yes;4 bulan;No;No;No;No;Yes;No;Yes;No;No
;Premium;Royal Residence;Sby Barat;128;161;4;2;2;2.4M;2.8M;2.2M;Terjual;Pengikatan Perjanjian Jual Beli (PPJB);Timur;Standard;10;Yes;5 - 10 Tahun;Yes;No;3 bulan;No;No;No;No;Yes;No;Yes;No;No
;Premium;Royal Residence;Sby Barat;300;450;5;4;2;6M;6,4M;0;Belum;Hak Milik (SHM);Selatan;Standard;18;No;1 - 4 Tahun;Yes;Yes;3 bulan;No;No;No;No;Yes;No;Yes;No;No
;Premium;Royal Residence;Sby Barat;198;200;5;4;2,5;3M;3.2M;0;Belum;Pengikatan Perjanjian Jual Beli (PPJB);Timur;Tikungan/Hook;10;No;1 - 4 Tahun;Yes;No;4 bulan;No;No;No;No;Yes;No;Yes;No;No
;Standard;Darmo Permai;Sby Barat;90;115;4;4;2;1.6M;2;0;Belum;Hak Milik (SHM);Timur;Standard;8;No;1 - 4 Tahun;Yes;No;6 bulan;Yes;No;No;No;Yes;No;No;No;No
;Standard;Darmo Permai;Sby Barat;90;132;4;2;2;1.6M;2;0;Belum;Hak Milik (SHM);Timur;Standard;8;No;1 - 4 Tahun;Yes;No;6 bulan;Yes;No;No;No;Yes;No;No;No;No
;Standard;Darmo Permai;Sby Barat;90;120;4;2;2;1.6M;2;0;Belum;Hak Milik (SHM);Timur;Standard;8;No;1 - 4 Tahun;Yes;No;6 bulan;Yes;No;No;No;Yes;No;No;No;No
;Standard;Darmo Permai;Sby Barat;180;100;4;2;1;2.1M;1.9M;0;Belum;Hak Milik (SHM);Utara;Standard;8;Yes;> 10 Tahun;Yes;No;2 bulan;Yes;No;No;No;No;No;No;No;No
;Standard;Darmo Permai;Sby Barat;225;300;5;4;2;2.8M;2.8M;0;Belum;Hak Milik (SHM);Timur;Tikungan/Hook;10;No;5 - 10 Tahun;Yes;Yes;3 bulan;Yes;No;No;No;No;No;No;No;No
;Standard;Darmo Permai;Sby Barat;162;130;4;2;2;1.5M;1.3M;1.2M;Terjual;Hak Milik (SHM);Barat;Standard;8;Yes;> 10 Tahun;No;No;2 bulan;No;Yes;No;No;Yes;No;No;No;No
;Premium;Raya Darmo Permai;Sby Barat;800;1.000,00;7;4;2;22M;28M;0;Belum;Hak Milik (SHM);Barat;Standard;15;Yes;> 10 Tahun;Yes;No;6 bulan;Yes;Yes;No;No;No;No;No;Yes;Yes
;Premium;Raya Darmo Permai;Sby Barat;775;580;7;5;2;20M;25M;0;Belum;Hak Milik (SHM);Timur;Standard;15;No;> 10 Tahun;Yes;No;12 bulan;Yes;Yes;No;No;No;No;No;Yes;Yes
;Premium;Raya Darmo Permai;Sby Barat;1.000,00;1.300,00;8;6;2;25M;32M;0;Belum;Hak Milik (SHM);Timur;Standard;15;No;> 10 Tahun;Yes;No;10 bulan;Yes;Yes;No;No;No;No;No;Yes;Yes
;Premium;Raya Darmo Permai;Sby Barat;800;923;7;6;2;22M;25M;0;Belum;Hak Milik (SHM);Barat;Standard;15;No;> 10 Tahun;Yes;No;3 bulan;Yes;Yes;No;No;No;No;No;Yes;Yes
;Premium;Wisata Bukit Mas;Sby Barat;144;180;5;3;2;2.4M;2.9M;0;Belum;Hak Milik (SHM);Timur;Standard;10;No;5 - 10 Tahun;Yes;Yes;8 bulan;No;No;No;No;Yes;No;Yes;No;No
;Premium;Wisata Bukit Mas;Sby Barat;128;160;5;4;2,5;2.2M;2.6M;0;Belum;Hak Milik (SHM);Barat;Standard;12;No;1 - 4 Tahun;Yes;Yes;4 bulan;No;No;No;No;Yes;No;Yes;No;No
;Premium;Wisata Bukit Mas;Sby Barat;128;161;4;2;2;2.4M;2.8M;2.2M;Terjual;Hak Milik (SHM);Timur;Standard;10;Yes;1 - 4 Tahun;Yes;No;6 bulan;No;No;No;No;Yes;No;Yes;No;No
;Premium;Wisata Bukit Mas;Sby Barat;180;160;4;2;2;2.1M;1.9M;1.6M;Belum;Hak Milik (SHM);Barat;Tusuk Sate;10;No;5 - 10 Tahun;Yes;Yes;3 bulan;No;No;No;No;Yes;No;Yes;No;No
;Premium;Wisata Bukit Mas;Sby Barat;198;200;5;4;2,5;3M;3.2M;0;Belum;Hak Milik (SHM);Timur;Tikungan/Hook;10;No;5 - 10 Tahun;Yes;No;4 bulan;No;No;No;No;Yes;No;Yes;No;No
;Premium;Dian Istana;Sby Barat;252;250;5;4;2;5M;4.7M;4.4M;Terjual;Hak Milik (SHM);Selatan;Standard;10;No;5 - 10 Tahun;Yes;No;1 tahun;No;No;No;No;No;No;Yes;No;No
;Premium;Dian Istana;Sby Barat;240;360;5;3;2,5;5M;5.5M;0;Belum;Hak Guna Bangunan (HGB);Utara;Standard;10;No;1 - 4 Tahun;Yes;No;8 bulan;No;No;No;No;No;No;Yes;No;No
;Premium;Dian Istana;Sby Barat;128;160;4;3;2;3.6M;4.1M;0;Belum;Pengikatan Perjanjian Jual Beli (PPJB);Selatan;Standard;10;No;1 - 4 Tahun;Yes;No;4 bulan;No;No;No;No;No;No;Yes;No;No
;Premium;Dian Istana;Sby Barat;450;600;7;6;2;10M;11.2M;0;Belum;Hak Milik (SHM);Utara;Standard;10;No;5 - 10 Tahun;Yes;No;10 bulan;No;No;No;No;No;No;Yes;No;No
;Premium;Dian Istana;Sby Barat;200;312;5;3;2;4M;5;0;Belum;Hak Milik (SHM);Timur;Standard;10;Yes;5 - 10 Tahun;No;No;3 bulan;No;No;No;No;No;No;Yes;No;No
;Sangat Premium;Pakuwon Square;Sby Barat;180;700;0;4;4;15M;17.5M;0;Belum;Hak Guna Bangunan (HGB);Timur;Standard;20;No;1 - 4 Tahun;Yes;No;6 bulan;No;Yes;Yes;Yes;No;No;No;Yes;Yes
;Sangat Premium;Pakuwon Square;Sby Barat;180;625;0;3;3,5;14M;16M;0;Belum;Hak Guna Bangunan (HGB);Timur;Standard;20;No;5 - 10 Tahun;Yes;No;6 bulan;No;Yes;Yes;Yes;No;No;No;Yes;Yes
;Sangat Premium;Pakuwon Square;Sby Barat;360;1.500,00;0;3;4;30;32M;0;Belum;Hak Guna Bangunan (HGB);Timur;Standard;20;No;1 - 4 Tahun;Yes;No;12 bulan;No;Yes;Yes;Yes;No;No;No;Yes;Yes
;Premium;Pakuwon Indah;Sby Barat;144;200;4;4;2;3.3M;4;0;Belum;Hak Guna Bangunan (HGB);Selatan;Standard;10;No;5 - 10 Tahun;Yes;No;6 bulan;No;No;No;Yes;No;No;Yes;No;No
;Premium;Pakuwon Indah;Sby Barat;162;220;5;4;2;3.6M;3.5M;0;Belum;Hak Guna Bangunan (HGB);Barat;Standard;10;No;5 - 10 Tahun;Yes;Yes;7 bulan;No;No;No;Yes;No;No;Yes;No;No
;Standard;Bukit Palma;Sby Barat;120;150;4;3;2;1800000000;1690000000;1670000000;Belum;Pengikatan Perjanjian Jual Beli (PPJB);Selatan;Standard;> 2 Mobil;No;;Yes;No;;;;;;;;;;
;Standard;Bukit Palma;Sby Barat;105;140;3;3;2;1500000000;1390000000;1350000000;Belum;Hak Milik (SHM);Selatan;Standard;> 2 Mobil;No;;Yes;No;;;;;;;;;;
;Premium;Royal Residence;Sby Barat;230;280;3;3;2;4500000000;3300000000;3200000000;Belum;Hak Guna Bangunan (HGB);Selatan;Standard;1-2 Mobil;Yes;;Yes;No;;;Yes;;Yes;;;;;
;Premium;Royal Park Citraland;Sby Barat;210;280;3;3;2;4500000000;3850000000;3800000000;Belum;Hak Milik (SHM);Timur;Standard;> 2 Mobil;No;;Yes;Yes;;;;;Yes;;;;;
;Standard;Cipunegara;Sby Selatan;258;258;3;3;1;4500000000;3000000000;2900000000;Belum;Hak Milik (SHM);Utara;Tusuk Sate;1-2 Mobil;Yes;;No;No;;;;;Yes;;;;;
;Standard;Darmo Permai;Sby Barat;225;200;3;2;1;2500000000;1775000000;1700000000;Terjual;Hak Milik (SHM);Selatan;Standard;1-2 Mobil;Yes;;Yes;No;;;;;;;;;;
;Premium;Royal Residence;Sby Barat;171;155;3;3;2;4000000000;2950000000;2950000000;Terjual;Hak Milik (SHM);Selatan;Standard;> 2 Mobil;Yes;;Yes;No;;;Yes;;;;;;;
;Premium;Stamford Citraland;Sby Barat;171;245;4;3;2;3500000000;3000000000;3000000000;Belum;Hak Milik (SHM);Timur;Standard;1-2 Mobil;Yes;;Yes;Yes;;Yes;;;;;;;;
;Premium;Stamford Citraland;Sby Barat;171;219;4;3;2;3500000000;3500000000;3400000000;Belum;Hak Guna Bangunan (HGB);Utara;Standard;1-2 Mobil;No;;Yes;No;;Yes;;;;;;;;
;Premium;Royal Residence;Sby Barat;300;250;3;3;2;5000000000;4800000000;4700000000;Belum;Hak Guna Bangunan (HGB);Timur;Tikungan/Hook;1-2 Mobil;No;;Yes;No;;;;;;;;;;
;Premium;Wisata Bukit Mas 1;Sby Barat;240;280;4;3;2;4200000000;3900000000;3850000000;Terjual;Hak Milik (SHM);Utara;Standard;1-2 Mobil;No;;Yes;No;;;;;Yes;;;;;
;Premium;Wisata Bukit Mas 2;Sby Barat;240;360;4;3;2;4000000000;3500000000;3450000000;Terjual;Hak Guna Bangunan (HGB);Utara;Standard;1-2 Mobil;Yes;;Yes;No;;;;;Yes;;;;;
;Premium;Greenlake Citraland;Sby Barat;200;258;4;3;2;3500000000;3750000000;3700000000;Belum;Pengikatan Perjanjian Jual Beli (PPJB);Utara;Standard;1-2 Mobil;No;;Yes;No;;;;;Yes;;;;;
;Premium;Royal Park Citraland;Sby Barat;150;192;3;2;2;3500000000;3500000000;3400000000;Belum;Hak Guna Bangunan (HGB);Utara;Standard;> 2 Mobil;No;;Yes;No;;;;;Yes;;;;;
;Premium;Royal Park Citraland;Sby Barat;426;350;4;3;2;7500000000;7500000000;7300000000;Belum;Hak Guna Bangunan (HGB);Selatan;Standard;> 2 Mobil;No;;Yes;No;;;;;Yes;;;;;
;Premium;Royal Park Citraland;Sby Barat;375;500;3;3;2;5000000000;6000000000;5700000000;Belum;Hak Guna Bangunan (HGB);Timur;Tusuk Sate;> 2 Mobil;No;;Yes;Yes;;;;;Yes;;;;;
;Premium;Royal Park Citraland;Sby Barat;150;180;4;4;3;4500000000;4900000000;4800000000;Terjual;Hak Guna Bangunan (HGB);Utara;Standard;> 2 Mobil;No;;Yes;No;;;;;Yes;;;;;
;Premium;Royal Park Citraland;Sby Barat;180;280;4;3;2;4000000000;4300000000;4000000000;Belum;Hak Guna Bangunan (HGB);Utara;Standard;> 2 Mobil;No;;No;No;;;;;Yes;;;;;
;Premium;Royal Park Citraland;Sby Barat;210;280;3;3;2;4000000000;4000000000;3850000000;Belum;Hak Guna Bangunan (HGB);Utara;Standard;> 2 Mobil;No;;Yes;No;;;;;Yes;;;;;
;Standard;Alam Hijau Citraland;Sby Barat;105;154;4;4;2;2000000000;2375000000;2300000000;Belum;Hak Milik (SHM);Selatan;Standard;1-2 Mobil;No;;Yes;No;;;;;;;;;;
;Standard;Bukit Palma;Sby Barat;120;176;4;3;2;2300000000;2150000000;2000000000;Terjual;Hak Guna Bangunan (HGB);Selatan;Standard;1-2 Mobil;No;;Yes;No;;;;;;;;;;
;Premium;Royal Residence;Sby Barat;176;200;4;3;2;4000000000;3600000000;3500000000;Terjual;Pengikatan Perjanjian Jual Beli (PPJB);Selatan;Tusuk Sate;> 2 Mobil;No;;Yes;No;;;;;;;;;;
;Standard;Ploso Timur;Sby Timur;150;128;3;2;1;1500000000;1450000000;1400000000;Belum;Hak Milik (SHM);Barat;Standard;1-2 Mobil;Yes;;Yes;No;;Yes;Yes;Yes;;;;;;
;Premium;Mulyosari;Sby Timur;180;300;4;5;2;3500000000;3450000000;3400000000;Belum;Hak Milik (SHM);Selatan;Standard;> 2 Mobil;No;;Yes;No;;;;;Yes;;;;;
;Standard;Lebak;Sby Timur;84;150;3;2;2;1500000000;1600000000;1500000000;Belum;Hak Milik (SHM);Selatan;Standard;1-2 Mobil;Yes;;Yes;No;;Yes;;Yes;;;;;;
;Below Standard;Ploso Timur;Sby Timur;104;98;3;2;1;1000000000;890000000;860000000;Terjual;Hak Milik (SHM);Utara;Standard;1-2 Mobil;No;;Yes;No;;Yes;;Yes;;;;;;
;Below Standard;Ploso Timur;Sby Timur;64;70;2;2;2;750000000;685000000;680000000;Terjual;Hak Milik (SHM);Utara;Standard;1-2 Mobil;Yes;;Yes;No;;Yes;;Yes;;;;;;
;Standard;Mulyosari;Sby Timur;180;250;3;4;2;3000000000;2800000000;2700000000;Belum;Hak Milik (SHM);Utara;Standard;1-2 Mobil;No;;Yes;No;;;;Yes;Yes;;;;;
;Premium;Nirwana Excecutive;Sby Timur;198;250;5;5;2;3500000000;3600000000;3500000000;Belum;Hak Milik (SHM);Utara;Standard;1-2 Mobil;No;;Yes;No;;;;;;;;;;
;Standard;Mulyosari;Sby Timur;84;120;3;2;2;1500000000;1400000000;1350000000;Terjual;Hak Milik (SHM);Utara;Standard;1-2 Mobil;No;;Yes;No;;;;;Yes;;;;;
;Standard;Sutorejo;Sby Timur;80;125;3;2;2;1500000000;1450000000;1400000000;Belum;Hak Milik (SHM);Selatan;Standard;1-2 Mobil;No;;Yes;No;;;;;Yes;;;;;
;Premium;Greenlake Citraland;Sby Barat;240;280;5;4;2;5500000000;5500000000;5400000000;Belum;Hak Milik (SHM);Selatan;Standard;1-2 Mobil;No;;Yes;Yes;;;;;Yes;;;;;
;Premium;Woodland Citraland;Sby Barat;162;170;3;2;2;3200000000;2750000000;2700000000;Terjual;Hak Guna Bangunan (HGB);Utara;Standard;1-2 Mobil;Yes;;Yes;No;;Yes;;;;;;;;
;Premium;Woodland Citraland;Sby Barat;180;130;3;2;1;2800000000;2600000000;2500000000;Belum;Hak Guna Bangunan (HGB);Selatan;Standard;1-2 Mobil;No;;Yes;No;;Yes;;;;;;;;
;Premium;Wisata Bukit Mas 1;Sby Barat;240;288;4;4;2;3500000000;3800000000;3700000000;Belum;Hak Milik (SHM);Selatan;Standard;1-2 Mobil;No;;Yes;No;;;;;;;;;;
;Premium;Wisata Bukit Mas 2;Sby Barat;240;271;4;4;2;5500000000;4500000000;4400000000;Terjual;Hak Guna Bangunan (HGB);Selatan;Standard;> 2 Mobil;Yes;;Yes;No;;;;;;;;;;
;Premium;Wisata Bukit Mas 2;Sby Barat;240;319;4;5;2;4500000000;4700000000;4500000000;Belum;Hak Milik (SHM);Utara;Standard;1-2 Mobil;No;;Yes;No;;;;;;;;;;
;Premium;Wisata Bukit Mas 2;Sby Barat;240;288;4;4;2;4200000000;3800000000;3700000000;Belum;Hak Milik (SHM);Utara;Standard;1-2 Mobil;No;;Yes;No;;;;;;;;;;
;Premium;Wisata Bukit Mas 2;Sby Barat;240;186;4;3;2;4000000000;4650000000;4500000000;Belum;Hak Milik (SHM);Utara;Standard;1-2 Mobil;No;;Yes;No;;;;;;;;;;
;Premium;Royal Residence;Sby Barat;240;200;3;2;2;5000000000;3750000000;3750000000;Belum;Hak Guna Bangunan (HGB);Timur;Standard;1-2 Mobil;Yes;;No;No;;;;;;;;;;
;Premium;Royal Residence;Sby Barat;200;245;3;3;2;3800000000;3600000000;3500000000;Belum;Hak Milik (SHM);Selatan;Standard;1-2 Mobil;No;;Yes;No;;;;;;;;;;
;Standard;Darmo Indah;Sby Barat;180;184;3;2;1;2000000000;1500000000;1500000000;Terjual;Hak Milik (SHM);Selatan;Standard;1-2 Mobil;No;> 10 Tahun;No;No;;;;Yes;Yes;;;;;
;Standard;Darmo Baru;Sby Barat;162;125;3;1;1;2000000000;1650000000;1500000000;Terjual;Hak Milik (SHM);Utara;Standard;1-2 Mobil;No;> 10 Tahun;No;No;;;;;;;;;;
;Standard;Alam Hijau Citraland;Sby Barat;210;290;5;4;2;2800000000;3100000000;3000000000;Belum;Hak Milik (SHM);Timur;Tikungan/Hook;1-2 Mobil;No;;Yes;No;;;;;;;;;;
;Standard;Bukit palma;Sby Barat;84;56;2;1;1;950000000;800000000;750000000;Terjual;Hak Guna Bangunan (HGB);Selatan;Standard;1-2 Mobil;;;Yes;No;6;Yes;;;;;;;;
;Standard;Bukit palma;Sby Barat;180;198;7;5;2;2000000000;1775000000;1550000000;Terjual;Pengikatan Perjanjian Jual Beli (PPJB);Selatan;Tikungan/Hook;1-2 Mobil;Yes;;Yes;No;2;Yes;;;;;;;;
;Standard;Sutorejo tengah;Sby Timur;60;100;3;2;2;1400000000;1350000000;1275000000;Terjual;Hak Milik (SHM);Timur;Standard;1-2 Mobil;;1 - 4 Tahun;Yes;No;6;;Yes;;;;;;;
;Standard;Babatan pantai;Sby Timur;126;220;4;4;2;2500000000;2500000000;2150000000;Terjual;Hak Milik (SHM);Barat;Tusuk Sate;> 2 Mobil;;5 - 10 Tahun;Yes;Yes;8;;;;;;;;;
;Standard;komplek ruko kenjeran;Sby Timur;54;138;2;3;3;2000000000;2200000000;1750000000;Terjual;Hak Guna Bangunan (HGB);Timur;Standard;> 2 Mobil;Yes;5 - 10 Tahun;No;No;3;;;;;;;;Yes;
;Standard;Sutorejo Prima;Sby Timur;135;120;4;3;1,5;1800000000;1600000000;1500000000;Terjual;Hak Milik (SHM);Timur;Standard;1-2 Mobil;;5 - 10 Tahun;Yes;No;4;;;;;;;;;
;Standard;Kutisari Indah;Sby Timur;300;250;6;4;2;2900000000;2300000000;;Belum;Hak Milik (SHM);Timur;Standard;> 2 Mobil;No;> 10 Tahun;No;No;8;;Yes;;;;;;;
;Standard;Babatan Pratama;Sby Selatan;96;84;3;2;1;1500000000;1500000000;1350000000;Terjual;Hak Milik (SHM);Selatan;Standard;1-2 Mobil;;1 - 4 Tahun;Yes;No;5;;;;;;;;;
;Standard;Graha Family;Sby Barat;210;250;5;4;2;4500000000;4350000000;4200000000;Terjual;Hak Milik (SHM);Selatan;Standard;> 2 Mobil;;5 - 10 Tahun;Yes;No;6;;;;;;;;;
;Standard;Lebak Arum;Sby Timur;240;225;5;5;1,5;2000000000;2400000000;;Belum;Hak Milik (SHM);Timur;Standard;1-2 Mobil;No;> 10 Tahun;No;No;15;;Yes;;;;;;;
;Standard;Lebak Arum;Sby Timur;115;120;4;4;2;1500000000;1500000000;1375000000;Terjual;Hak Milik (SHM);Utara;Standard;> 2 Mobil;;1 - 4 Tahun;Yes;No;7;;Yes;;;;;;;
;Standard;Kertajaya Indah;Sby Timur;355;300;4;3;1,5;6500000000;6250000000;;Belum;Hak Milik (SHM);Utara;Standard;> 2 Mobil;;5 - 10 Tahun;Yes;No;8;;;;;;;;;
;Standard;lebak arum;Sby Timur;200;300;5;3;2;1800000000;2100000000;;Belum;Hak Milik (SHM);Utara;Standard;> 2 Mobil;;5 - 10 Tahun;Yes;No;5;;Yes;;;;;;;
;Standard;Gading Pantai, kenjeran;Sby Timur;360;275;4;3;1;3500000000;3100000000;;Belum;Hak Milik (SHM);Barat;Tusuk Sate;> 2 Mobil;;5 - 10 Tahun;No;No;18;;;;;;;;;
;Standard;North West Park, Citraland Utara;Sby Barat;72;36;1;1;1;750000000;750000000;750000000;Terjual;Pengikatan Perjanjian Jual Beli (PPJB);Barat;Standard;> 2 Mobil;No;1 - 4 Tahun;Yes;No;;;;;;;;;;
;Standard;Pondok Maritim Indah, Wiyung;Sby Barat;101;90;2;1;1;739000000;739000000;700000000;Terjual;Hak Milik (SHM);Selatan;Standard;1-2 Mobil;No;5 - 10 Tahun;Yes;No;1 tahun;;;;;;;;;
;Standard;Sukodono Town House, Sidoarjo;Sidoarjo;90;62;2;1;1;445000000;445000000;400000000;Terjual;Hak Guna Bangunan (HGB);Utara;Standard;1-2 Mobil;No;1 - 4 Tahun;Yes;No;1 tahun;;;;;;;;;
;Standard;Ploso Timur;Sby Timur;54;54;2;2;2;790000000;790000000;750000000;Terjual;Hak Milik (SHM);Barat;Standard;1-2 Mobil;No;1 - 4 Tahun;Yes;No;1 tahun;;;;;;;;;
;Standard;Menteng Regency, Lakarsantri;Sby Barat;70;53;2;1;1;460000000;460000000;460000000;Terjual;Hak Milik (SHM);Selatan;Standard;1-2 Mobil;No;1 - 4 Tahun;Yes;No;1 tahun;;;;;;;;;
;Standard;Grand Delta Sari;Sidoarjo;91;91;2;1;1;675000000;675000000;650000000;Terjual;Hak Guna Bangunan (HGB);Selatan;Standard;1-2 Mobil;No;5 - 10 Tahun;Yes;No;2 tahun;;;;;;;;;
;Standard;Kali Kepiting Jaya;Sby Timur;72;72;2;1;1;420000000;420000000;420000000;Terjual;Hak Milik (SHM);Barat;Standard;1-2 Mobil;No;5 - 10 Tahun;Yes;No;2 tahun;;;;;;;;;
;Standard;Darmo Indah Selatan;Sby Barat;144;170;3+1;2+1;2;1675000000;1675000000;1500000000;Terjual;Hak Milik (SHM);Utara;Standard;1-2 Mobil;No;1 - 4 Tahun;Yes;No;2 tahun;;;;;;;;;
;Sangat Premium;Karangmenjangan;Sby Timur;239;379;3;3;2;5000000000;5000000000;4750000000;Terjual;Hak Guna Bangunan (HGB);Timur;Standard;> 2 Mobil;No;5 - 10 Tahun;Yes;No;2 tahun;;;;;;;;;
;Standard;Kranggan;Sby Pusat;200;200;3;1;1;775000000;775000000;725000000;Terjual;Hak Milik (SHM);Barat;Standard;1-2 Mobil;No;5 - 10 Tahun;Yes;No;2 tahun;;;;;;;;;
;Standard;Citra Harmoni;Sidoarjo;244;244;5;3;2;1500000000;1500000000;1300000000;Terjual;Hak Guna Bangunan (HGB);Timur;Standard;> 2 Mobil;No;1 - 4 Tahun;Yes;No;2 tahun;;Yes;;;Yes;;;;
;Standard;Green Semanggi;Sby Timur;72;72;2;1;1;650000000;650000000;650000000;Terjual;Hak Milik (SHM);Selatan;Standard;1-2 Mobil;No;1 - 4 Tahun;Yes;No;2 tahun;;;;;;;;;
;Standard;Bumi Marina Mas Barat ;Sby Timur;40;40;2;1;1;635000000;635000000;600000000;Terjual;Hak Milik (SHM);Timur;Standard;1-2 Mobil;No;1 - 4 Tahun;Yes;No;2 tahun;;;;;;;;;
;Below Standard;Green Menganti Regency;Gresik;42;72;2;1;2;375000000;375000000;370000000;Terjual;Hak Milik (SHM);Utara;Standard;1-2 Mobil;No;1 - 4 Tahun;Yes;No;2 tahun;;;;;;;;;
;Premium;San Antonio Pakuwon City;Sby Timur;120;140;3+1;2+1;2;2350000000;2350000000;2300000000;Terjual;Hak Milik (SHM);Utara;Standard;> 2 Mobil;No;1 - 4 Tahun;Yes;No;2 tahun;Yes;Yes;;Yes;Yes;;;;
;Standard;Maharaja Residence Menganti;Gresik;60;32;2;1;1;300000000;300000000;300000000;Terjual;Hak Guna Bangunan (HGB);Utara;Standard;1-2 Mobil;No;1 - 4 Tahun;Yes;No;2 tahun;;;;;;;;;
;Standard;Rungkut Mapan Tengah;Sby Timur;96;80;2;1;1;1000000000;1000000000;950000000;Terjual;Hak Milik (SHM);Utara;Standard;1-2 Mobil;No;5 - 10 Tahun;Yes;No;3 tahun;;;;;;;;;
;Standard;Medayu Selatan ;Sby Timur;46;90;3;2;2;780000000;780000000;-;Belum;Hak Milik (SHM);Utara;Standard;1-2 Mobil;No;1 - 4 Tahun;No;No;1 tahun;;Yes;;;;;;;
;Standard;Keputih Tegal;Sby Timur;84;84;3;1;1;750000000;750000000;-;Belum;Hak Milik (SHM);Selatan;Cul De Sac/Ujung Gang Buntu;1-2 Mobil;No;5 - 10 Tahun;Yes;No;<1 tahun;;;;;;Yes;;;
;Standard;Wiguna Tengah;Sby Timur;60;50;2;1;1;775000000;775000000;-;Belum;Hak Milik (SHM);Selatan;Standard;1-2 Mobil;No;1 - 4 Tahun;No;No;< 1 tahun;;;;;;;;;
;Standard;Amerta Residence;Sby Timur;84;100;2;1;2;1150000000;1150000000;-;Belum;Hak Milik (SHM);Utara;Standard;1-2 Mobil;No;5 - 10 Tahun;Yes;No;1 tahun;;;;;;;;;
;Standard;Swan Menganti Mas Regency;Gresik;90;36;2;1;1;425000000;425000000;-;Belum;Hak Milik (SHM);Utara;Standard;1-2 Mobil;No;5 - 10 Tahun;No;No;2 tahun;;;;;;;;;
;Premium;Royal Residence;Sby Barat;50;95;3;2;3;1500000000;1500000000;-;Belum;Hak Guna Bangunan (HGB);Utara;Standard;> 2 Mobil;No;1 - 4 Tahun;Yes;No;2 tahun;;;;;;;;;
;Standard;Rungkut Asri;Sby Timur;75;120;3;3;2;1400000000;1400000000;-;Belum;Hak Milik (SHM);Utara;Standard;1-2 Mobil;No;1 - 4 Tahun;No;No;<1 tahun;Yes;Yes;;;Yes;;;;
;Standard;Rungkut Asri;Sby Timur;75;120;3;3;2;1400000000;1400000000;-;Belum;Hak Milik (SHM);Timur;Standard;1-2 Mobil;No;1 - 4 Tahun;No;No;<1 tahun;Yes;Yes;;;Yes;;;;
;Standard;Rungkut Asri;Sby Timur;75;120;3;3;2;1400000000;1400000000;-;Belum;Hak Milik (SHM);Utara;Tikungan/Hook;1-2 Mobil;No;1 - 4 Tahun;No;No;<1 tahun;Yes;Yes;;;Yes;;;;
;Standard;Rungkut Asri;Sby Timur;75;120;4;3;2;1400000000;1400000000;-;Belum;Hak Milik (SHM);Timur;Standard;1-2 Mobil;No;1 - 4 Tahun;No;No;<1 tahun;Yes;Yes;;;Yes;;;;
;Standard;Gayungsari Barat;Sby Selatan;94;150;4+1;3+1;2;2200000000;2200000000;-;Belum;Hak Milik (SHM);Timur;Standard;> 2 Mobil;No;1 - 4 Tahun;Yes;No;<1 tahun;;;;;;;;;
;Standard;Gayungsari Barat;Sby Selatan;95;150;4+1;3+1;2;2200000000;2200000000;-;Belum;Hak Milik (SHM);Selatan;Standard;> 2 Mobil;No;1 - 4 Tahun;Yes;No;<1 tahun;;;;;;;;;
;Standard;Gayungsari Barat;Sby Selatan;92;150;4+1;3+1;2;2200000000;2200000000;2200000000;Terjual;Hak Milik (SHM);Selatan;Tikungan/Hook;> 2 Mobil;No;1 - 4 Tahun;Yes;No;<1 tahun;;;;;;;;;
;Standard;Kutisari Utara;Sby Timur;77;120;4;3;2;1350000000;1350000000;1350000000;Terjual;Hak Milik (SHM);Timur;Tikungan/Hook;> 2 Mobil;No;1 - 4 Tahun;Yes;No;<1 tahun;Yes;Yes;;;Yes;;;;Yes
;Standard;Kutisari Utara;Sby Timur;75;120;3;3;2;1350000000;1350000000;-;Belum;Hak Milik (SHM);Timur;Standard;> 2 Mobil;No;1 - 4 Tahun;Yes;No;<1 tahun;Yes;Yes;;;Yes;;;;
;Standard;Kutisari Utara;Sby Timur;74;120;3+1;3+1;2;1350000000;1350000000;-;Belum;Hak Milik (SHM);Utara;Standard;> 2 Mobil;No;1 - 4 Tahun;Yes;No;<1 tahun;Yes;Yes;;;Yes;;;;
;Standard;Kutisari Utara;Sby Timur;78;120;3;3;2;1350000000;1350000000;-;Belum;Hak Milik (SHM);Utara;Standard;> 2 Mobil;No;1 - 4 Tahun;Yes;No;<1 tahun;Yes;Yes;;;Yes;;;;
;Standard;Kutisari Utara;Sby Timur;78;120;3+1;3+1;2;1350000000;1350000000;-;Belum;Hak Milik (SHM);Utara;Standard;> 2 Mobil;No;1 - 4 Tahun;Yes;No;<1 tahun;Yes;Yes;;;Yes;;;;
;Standard;Rungkut Asri Tengah;Sby Timur;100;75;3;2;2;1450000000;1450000000;-;Belum;Hak Milik (SHM);Utara;Standard;1-2 Mobil;No;1 - 4 Tahun;No;No;< 1 tahun;;;;;;;;;Yes
;Premium;Citraland;Sby Barat;347;500;4+1;4+1;2;8500000000;8500000000;-;Belum;Hak Milik (SHM);Barat;Standard;> 2 Mobil;No;1 - 4 Tahun;Yes;No;1 tahun;;;;;;;;;
;Premium;Ngagel Jaya Selatan;Sby Selatan;300;1.050,00;8;8;3,5;15000000000;15000000000;-;Belum;Surat Hijau;Selatan;Standard;> 2 Mobil;No;5 - 10 Tahun;Yes;No;1 tahun;;;;;Yes;;;;Yes
;Standard;Darmahusada Indah;Sby Timur;450;300;4;3;1;7700000000;7700000000;-;Belum;Hak Milik (SHM);Timur;Standard;> 2 Mobil;No;5 - 10 Tahun;Yes;No;1 tahun;;Yes;;;Yes;;;;Yes
;Premium;Kertajaya Indah Tengah;Sby Timur;450;500;6+2;3+1;2;12500000000;12500000000;-;Belum;Hak Milik (SHM);Utara;Standard;> 2 Mobil;No;5 - 10 Tahun;Yes;No;1 tahun;;;;;;;;;
;Standard;Pancawarna Gresik;Gresik;90;225;12;12;3;800000000;800000000;-;Belum;Hak Milik (SHM);Utara;Standard;1-2 Mobil;Yes;1 - 4 Tahun;Yes;No;1 tahun;;;;;;;;;
;Standard;Mutiara Driyorejo KotaBaru;Gresik;153;153;4;2;1;900000000;900000000;-;Belum;Hak Milik (SHM);Selatan;Standard;1-2 Mobil;Yes;1 - 4 Tahun;Yes;No;1 tahun;;;;Yes;;;;;
;Premium;Kertajaya Indah Tengah;Sby Timur;735;520;6;6;2;29000000000;29000000000;-;Belum;Hak Milik (SHM);Barat;Standard;> 2 Mobil;No;5 - 10 Tahun;Yes;No;1 tahun;;;;;;;;;
;Standard;Kutisari Utara;Sby Timur;55;110;3;2;2;875000000;875000000;-;Belum;Hak Milik (SHM);Timur;Standard;1-2 Mobil;No;1 - 4 Tahun;Yes;No;< 1 tahun;Yes;Yes;;;Yes;;;;Yes
;Standard;WIguna Selatan;Sby Timur;120;210;3;2;2;1600000000;1600000000;-;Belum;Hak Milik (SHM);Utara;Standard;1-2 Mobil;No;1 - 4 Tahun;Yes;No;1 tahun;;;;;;;;;
;Premium;Pantai Mentari;Sby Timur;250;300;4+1;3+1;2;3450000000;3450000000;-;Belum;Hak Milik (SHM);Timur;Standard;> 2 Mobil;No;5 - 10 Tahun;Yes;No;2 tahun;;;;;;;;;
;Standard;Mulyosari Mas;Sby Timur;72;110;3;3;2;1650000000;1650000000;-;Belum;Hak Milik (SHM);Utara;Standard;> 2 Mobil;No;1 - 4 Tahun;No;No;< 1 tahun;;;;;;;;;Yes
;Standard;Manyar Tirtoasri Tompotika;Sby Timur;112,5;150;4+1;3+1;2;2400000000;2400000000;-;Belum;Hak Milik (SHM);Selatan;Tikungan/Hook;1-2 Mobil;No;1 - 4 Tahun;No;No;<1 tahun;Yes;Yes;;;Yes;;;;
;Standard;Manyar Tirtoasri Tompotika;Sby Timur;105;150;4+1;3+1;2;2400000000;2400000000;-;Belum;Hak Milik (SHM);Selatan;Standard;1-2 Mobil;No;1 - 4 Tahun;No;No;< 1 tahun;No;Yes;;;Yes;;;;
;Standard;Sutorejo Selatan;Sby Timur;120;200;3+1;2+1;2;2350000000;2350000000;-;Belum;Hak Milik (SHM);Timur;Standard;1-2 Mobil;Yes;1 - 4 Tahun;Yes;No;1 tahun;;;;;;;;;
;Premium;Florence Laguna Pakuwon City;Sby Timur;128;120;3+1;3+1;2;3600000000;3600000000;-;Belum;Pengikatan Perjanjian Jual Beli (PPJB);Utara;Standard;> 2 Mobil;No;1 - 4 Tahun;Yes;Yes;1 tahun;Yes;Yes;;Yes;Yes;;;;
;Premium;Wisata Bukit Mas;Sby Barat;264;330;4+1;3+1;2;4750000000;4750000000;-;Belum;Hak Milik (SHM);Selatan;Standard;> 2 Mobil;No;1 - 4 Tahun;Yes;No;< 1 tahun;Yes;;;Yes;Yes;;;;
;Standard;Citra Harmoni;Sidoarjo;90;75;2;1;1;820000000;820000000;-;Belum;Hak Guna Bangunan (HGB);Selatan;Standard;1-2 Mobil;No;1 - 4 Tahun;Yes;No;< 1 tahun;;;;;;;;;
;Standard;Citra Harmoni;Sidoarjo;96;150;3;2;2;1000000000;1000000000;-;Belum;Hak Milik (SHM);Selatan;Standard;1-2 Mobil;No;1 - 4 Tahun;Yes;No;< 1 tahun;;;;;;;;;
;Standard;Citra Harmoni;Sidoarjo;105;40;2;1;1;1200000000;1200000000;-;Belum;Hak Milik (SHM);Utara;Standard;1-2 Mobil;No;1 - 4 Tahun;Yes;No;< 1 tahun;;;;;;;;;
;Standard;Citra Harmoni;Sidoarjo;120;160;4;3;2;1300000000;1300000000;-;Belum;Hak Milik (SHM);Selatan;Standard;1-2 Mobil;No;1 - 4 Tahun;Yes;No;< 1 tahun;;;;;;;;;
;Standard;Citra Harmoni;Sidoarjo;72;39;2;1;1;655000000;655000000;-;Belum;Pengikatan Perjanjian Jual Beli (PPJB);Selatan;Standard;1-2 Mobil;No;1 - 4 Tahun;Yes;No;< 1 tahun;;;;;;;;;
;Standard;Citra Harmoni;Sidoarjo;126;180;4;2;1,5;1200000000;1200000000;-;Belum;Hak Guna Bangunan (HGB);Selatan;Standard;1-2 Mobil;No;1 - 4 Tahun;Yes;Yes;< 1 tahun;;;;;;;;;
;Standard;Citra Harmoni;Sidoarjo;120;72;2;1;1;900000000;900000000;-;Belum;Hak Guna Bangunan (HGB);Utara;Standard;1-2 Mobil;No;1 - 4 Tahun;Yes;No;< 1 tahun;;;;;;;;;
;Standard;Manyar Tirtoyoso Selatan Tompotika;Sby Timur;121;165;4+1;3+1;2;2600000000;2600000000;-;Belum;Hak Milik (SHM);Selatan;Standard;> 2 Mobil;No;1 - 4 Tahun;Yes;No;< 1 tahun;Yes;Yes;;;Yes;;;;
;Standard;Manyar Tirtoyoso Selatan Tompotika;Sby Timur;116;155;3+1;3+1;2;2600000000;2600000000;-;Belum;Hak Milik (SHM);Selatan;Tikungan/Hook;> 2 Mobil;No;1 - 4 Tahun;Yes;No;<1 tahun;Yes;Yes;;;Yes;;;;
;Standard;Manyar Tirtoasri Tompotika;Sby Timur;70;120;3+1;3+1;2;1600000000;1600000000;-;Belum;Hak Milik (SHM);Utara;Standard;1-2 Mobil;No;1 - 4 Tahun;Yes;No;< 1tahun;Yes;Yes;;;Yes;;;;
;Standard;Manyar Tirtoyoso Tompotika;Sby Timur;240;330;4+1;3+1;2;5300000000;5300000000;-;Belum;Hak Milik (SHM);Utara;Standard;> 2 Mobil;No;1 - 4 Tahun;Yes;No;< 1 tahun;Yes;Yes;;;Yes;;;;
;Standard;Nirwana Eksekutif;Sby Timur;69;70;2;3;2;1300000000;1300000000;1300000000;Terjual;Hak Milik (SHM);Timur;Standard;> 2 Mobil;No;1 - 4 Tahun;Yes;No;1 tahun;;;;;;;Yes;;
;Standard;Jemursari;Sby Timur;35;70;2;2;2;850000000;850000000;850000000;Terjual;Hak Milik (SHM);Barat;Standard;1-2 Mobil;No;1 - 4 Tahun;Yes;No;1 tahun;;;;;;;;;Yes
;Standard;Wonorungkut Utara;Sby Timur;60;90;3;2;2;1050000000;1050000000;1050000000;Terjual;Hak Milik (SHM);Selatan;Standard;> 2 Mobil;No;1 - 4 Tahun;Yes;No;1 tahun;;;;;;;;;
;Standard;Wonorungkut Utara;Sby Timur;76;115;3+1;3+1;2;1150000000;1150000000;1150000000;Terjual;Hak Milik (SHM);Utara;Standard;> 2 Mobil;No;1 - 4 Tahun;Yes;No;2 tahun;;;;;;;;;
;Standard;Wonorungkut Utara;Sby Timur;70;110;3+1;3+1;2;1150000000;1150000000;1150000000;Terjual;Hak Milik (SHM);Utara;Standard;> 2 Mobil;No;1 - 4 Tahun;Yes;No;3 tahun;;;;;;;;;
;Standard;Duku Pondok Tjandra Indah;Sby Timur;66;110;3;3;2;1000000000;1000000000;1000000000;Terjual;Hak Milik (SHM);Utara;Tikungan/Hook;> 2 Mobil;No;1 - 4 Tahun;Yes;No;2 tahun;;;;;;;;;
;Standard;Nirwana Eksekutif;Sby Timur;87;120;3+1;3+1;2;1600000000;1600000000;-;Belum;Hak Milik (SHM);Utara;Standard;> 2 Mobil;No;1 - 4 Tahun;Yes;No;2 tahun;;;;;Yes;;;;
;Standard;Klampis Anom Wisma Mukti;Sby Utara;296;244;4+1;3+1;2;3900000000;3900000000;-;Belum;Hak Milik (SHM);Selatan;Tikungan/Hook;> 2 Mobil;No;5 - 10 Tahun;Yes;No;2 tahun;Yes;Yes;;;Yes;;;;
;Premium;Grand Island Pakuwon City;Sby Timur;60;70;2;2;2;1900000000;1900000000;-;Belum;Hak Guna Bangunan (HGB);Selatan;Standard;> 2 Mobil;No;1 - 4 Tahun;Yes;No;2 tahun;Yes;Yes;;Yes;Yes;;;;
;Standard;Gading Kirana Sidoarjo;Sidoarjo;112;112;3;4;2;750000000;750000000;-;Belum;Hak Guna Bangunan (HGB);Selatan;Standard;1-2 Mobil;No;1 - 4 Tahun;Yes;No;2 tahun;;;;;;;;;
;Standard;Wonorejo Selatan;Sby Timur;100;150;3;1;1,5;675000000;675000000;-;Belum;Hak Milik (SHM);Barat;Standard;1-2 Mobil;Yes;5 - 10 Tahun;Yes;No;< 1 tahun;;;;;;;;;
;Standard;Manyar Tirtoasri Tompotika;Sby Timur;108;144;3+1;2+1;2;2650000000;2650000000;-;Belum;Hak Milik (SHM);Selatan;Standard;> 2 Mobil;No;1 - 4 Tahun;Yes;No;< 1 tahun;Yes;Yes;;;Yes;;;;
;Standard;Manyar Tirtoasri Tompotika;Sby Timur;145;230;4+1;3+1;2;4000000000;4000000000;-;Belum;Hak Milik (SHM);Utara;Standard;> 2 Mobil;No;1 - 4 Tahun;Yes;No;< 1tahun;Yes;Yes;;;Yes;;;;
;Standard;Manyar Jaya;Sby Timur;162;220;4+1;4+1;2;3750000000;3750000000;-;Belum;Hak Milik (SHM);Selatan;Standard;> 2 Mobil;No;1 - 4 Tahun;Yes;No;1 tahun;Yes;Yes;;;Yes;;;;
;Standard;Manyar Tirtomoyo Tompotika;Sby Timur;240;200;3;3;1;3850000000;3850000000;-;Belum;Hak Milik (SHM);Barat;Standard;> 2 Mobil;No;5 - 10 Tahun;Yes;Yes;2 tahun;Yes;Yes;;;Yes;;;;
;Standard;Manyar Rejo;Sby Timur;120;190;3+1;3+1;2;2650000000;2650000000;-;Belum;Hak Milik (SHM);Selatan;Standard;> 2 Mobil;No;5 - 10 Tahun;Yes;No;< 1tahun;Yes;Yes;;;Yes;;;;
;Standard;Manyar Rejo;Sby Timur;395;400;7;5;1,5;5250000000;5250000000;-;Belum;Hak Milik (SHM);Utara;Standard;> 2 Mobil;No;5 - 10 Tahun;Yes;No;1 tahun;Yes;Yes;;;Yes;;;;
;Standard;Manyar Indah;Sby Timur;252;180;4;3;1;2850000000;2850000000;-;Belum;Hak Milik (SHM);Barat;Tikungan/Hook;> 2 Mobil;No;5 - 10 Tahun;Yes;No;< 1 tahun;Yes;Yes;;;Yes;;;;
;Standard;Manyar Indah;Sby Timur;100;120;3+1;3+1;2;1950000000;1950000000;-;Belum;Hak Milik (SHM);Selatan;Standard;> 2 Mobil;No;1 - 4 Tahun;Yes;No;< 1 tahun;Yes;Yes;;;Yes;;;;
;Standard;Manyar Indah;Sby Timur;193;240;4+1;3+1;2;2700000000;2700000000;-;Belum;Hak Milik (SHM);Utara;Tikungan/Hook;> 2 Mobil;No;1 - 4 Tahun;Yes;No;< 1 tahun;Yes;Yes;;;Yes;;;;
;Premium;Araya Galaxy Bumi Permai I;Sby Timur;375;600;5;4;2;12000000000;12000000000;-;Belum;Hak Milik (SHM);Barat;Standard;> 2 Mobil;No;5 - 10 Tahun;Yes;No;< 1 tahun;Yes;Yes;Yes;;Yes;;Yes;;
;Premium;Araya Galaxy Bumi Permai I;Sby Timur;798;1.476,00;5+3;3+2+2;3;30000000000;30000000000;-;Belum;Hak Milik (SHM);Selatan;Standard;> 2 Mobil;No;5 - 10 Tahun;Yes;No;< 1 tahun;Yes;Yes;Yes;;Yes;;Yes;;
;Premium;Araya Galaxy Bumi Permai I;Sby Timur;300;400;5+1;3+1;2;9500000000;9500000000;-;Belum;Hak Guna Bangunan (HGB);Utara;Standard;> 2 Mobil;No;5 - 10 Tahun;Yes;No;< 1 tahun;Yes;Yes;Yes;;Yes;;Yes;;
;Standard;Gunung Anyar;Sby Timur;60;54;3;2;2;650000000;650000000;-;Belum;Hak Milik (SHM);Selatan;Standard;1-2 Mobil;No;1 - 4 Tahun;Yes;No;< 1 tahun;Yes;Yes;Yes;;Yes;;;;Yes
;Standard;Wisma Gunung Anyar;Sby Timur;84;66;2;1;1;950000000;950000000;-;Belum;Hak Milik (SHM);Selatan;Standard;1-2 Mobil;No;5 - 10 Tahun;No;No;< 1 tahun;Yes;Yes;Yes;;Yes;;;;
;Standard;Taman Riviera Regency Gunung Anyar;Sby Timur;120;77;3;2;1;1500000000;1500000000;-;Belum;Hak Guna Bangunan (HGB);Utara;Standard;1-2 Mobil;No;1 - 4 Tahun;Yes;No;< 1 tahun;;;;;Yes;;;;
;Standard;Puri Mas;Sby Timur;96;120;3;2;2;1700000000;1700000000;-;Belum;Hak Milik (SHM);Selatan;Standard;1-2 Mobil;No;1 - 4 Tahun;Yes;No;< 1 tahun;Yes;Yes;;;Yes;;;;
;Standard;Puri Mas;Sby Timur;128;70;2;1;1;1700000000;1700000000;-;Belum;Hak Guna Bangunan (HGB);Timur;Standard;1-2 Mobil;No;5 - 10 Tahun;Yes;No;< 1 tahun;Yes;Yes;;;Yes;;;;
;Standard;Puri Mas;Sby Timur;230;120;4;2;1;4000000000;4000000000;-;Belum;Hak Guna Bangunan (HGB);Barat;Standard;1-2 Mobil;No;5 - 10 Tahun;Yes;No;< 1 tahun;Yes;Yes;;;Yes;;;;
;Premium;Kertajaya Indah Tengah;Sby Timur;600;600;4;3;2;20000000000;20000000000;-;Belum;Hak Milik (SHM);Timur;Standard;> 2 Mobil;No;5 - 10 Tahun;Yes;Yes;2 tahun;;;;;;;;;Yes
;Standard;Bratang Gede;Sby Selatan;100;100;5;3;2,5;1800000000;1800000000;-;Belum;Surat Hijau;Utara;Standard;> 2 Mobil;No;5 - 10 Tahun;Yes;No;2 tahun;Yes;;;;Yes;;;;
;Standard;Taman Pinang Indah Sidoarjo;Sidoarjo;122;80;3;2;1;750000000;750000000;-;Belum;Hak Milik (SHM);Selatan;Standard;1-2 Mobil;No;5 - 10 Tahun;Yes;No;2 tahun;;;;;;;;;
;Standard;Puri Surya Jaya Gedangan Sidoarjo;Sidoarjo;120;85;3;1;1;950000000;950000000;-;Belum;Hak Milik (SHM);Utara;Standard;> 2 Mobil;No;5 - 10 Tahun;Yes;No;2 tahun;Yes;;;;;;;;
;Standard;Bukit Palma Citraland Utara;Sby Timur;158;180;4+1;3+1;2;2200000000;2200000000;-;Belum;Pengikatan Perjanjian Jual Beli (PPJB);Selatan;Standard;1-2 Mobil;No;1 - 4 Tahun;Yes;No;2 tahun;;Yes;;;Yes;;;;
;Standard;Rambutan Tengah Pondok Tjandra Indah;Sby Timur;224;224;5+1;3;2;2600000000;2600000000;-;Belum;Hak Milik (SHM);Barat;Standard;1-2 Mobil;No;5 - 10 Tahun;Yes;No;2 tahun;Yes;;;;Yes;;Yes;;
;Standard;Manyar Tirtoasri  Tompotika;Sby Timur;90;126;3+1;4;2;2600000000;2600000000;-;Belum;Hak Milik (SHM);Selatan;Standard;1-2 Mobil;No;1 - 4 Tahun;Yes;No;2 tahun;Yes;Yes;;;Yes;;;;
;Premium;Araya Galaxy Bumi Permai I;Sby Timur;157;182;4+1;3+1;2;3900000000;3900000000;-;Belum;Hak Milik (SHM);Selatan;Standard;> 2 Mobil;No;1 - 4 Tahun;Yes;No;1 tahun;Yes;Yes;;;Yes;;Yes;;
;Standard;Petemon Sidomulyo;Sby Selatan;150;208;3;2;2;2200000000;2200000000;-;Belum;Hak Milik (SHM);Utara;Standard;1-2 Mobil;No;5 - 10 Tahun;Yes;No;2 tahun;;;;;;;;;
;Premium;Araya Galaxy Bumi Permai I;Sby Timur;176;218;4+1;3+1;2;4600000000;4600000000;-;Belum;Hak Milik (SHM);Selatan;Standard;> 2 Mobil;No;1 - 4 Tahun;Yes;No;<1 tahun;Yes;Yes;;;Yes;;Yes;;
;Premium;Darmahusada Indah Utara;Sby Timur;180;118;3+1;2+1;2;2800000000;2800000000;-;Belum;Hak Milik (SHM);Utara;Standard;> 2 Mobil;No;5 - 10 Tahun;Yes;No;2 tahun;;Yes;;Yes;Yes;;;;
;Standard;Emerald Residence Gresik;Gresik;96;110;4;3;2;750000000;750000000;-;Belum;Hak Milik (SHM);Selatan;Standard;1-2 Mobil;No;5 - 10 Tahun;Yes;No;2 tahun;;;;;;;;;
;Standard;Lebak Permai Utara;Sby Timur;200;194;4+1;4;1;2250000000;2250000000;-;Belum;Hak Milik (SHM);Barat;Standard;1-2 Mobil;No;5 - 10 Tahun;Yes;No;2 tahun;;;;;;;;;
;Standard;Wisata Semanggi Wonorejo;Sby Timur;72;72;1+1;1;1;780000000;780000000;-;Belum;Hak Milik (SHM);Selatan;Standard;1-2 Mobil;No;1 - 4 Tahun;Yes;No;2 tahun;;;;;;;;;
;Standard;Puri Surya Jaya Gedangan Sidoarjo;Sidoarjo;659;330;5;2;1;6000000000;6000000000;-;Belum;Hak Guna Bangunan (HGB);Utara;Standard;> 2 Mobil;No;5 - 10 Tahun;Yes;No;2 tahun;Yes;;;;;;;;
;Standard;Siwalankerto Permai;Sby Selatan;153;153;5;2;2;1600000000;1600000000;-;Belum;Hak Milik (SHM);Utara;Standard;1-2 Mobil;No;5 - 10 Tahun;Yes;No;2 tahun;Yes;Yes;;;Yes;;;;
;Standard;Pucang Anom;Sby Timur;144;280;5;2;2;2200000000;2200000000;-;Belum;Hak Guna Bangunan (HGB);Selatan;Standard;1-2 Mobil;No;5 - 10 Tahun;Yes;No;2 tahun;Yes;Yes;;;Yes;;;;
;Standard;Wiguna Tengah;Sby Timur;60;50;2;1;1;775000000;775000000;775000000;Terjual;Hak Milik (SHM);Selatan;Standard;1-2 Mobil;No;1 - 4 Tahun;Yes;No;2 tahun;Yes;No;;;Yes;;;;
